wkt_geom,MARKID,MARKTYPE1,MARKTYPE2,MARKNAME1,MARKNAME2,異動日期_西元年月,ADDRESS,TEL,坐標系統
Point (211883.86610000097425655 2667046.82729999907314777),B0000014218,9960103,,臺中捷運烏日站_出入口1,中捷烏日站_出入口1,202205,,,TM2
Point (211870.19049999926937744 2667130.68549999920651317),B0000006237,9960103,,臺中捷運烏日站_118,中捷烏日站_118,202205,,,TM2
Point (211900.81649999925866723 2667156.68789999838918447),B0000014219,9960103,,臺中捷運烏日站_出入口2,中捷烏日站_出入口2,202205,,,TM2
Point (210738.41389999931561761 2667265.16850000154227018),B0000014222,9960103,,臺中捷運臺中高鐵站_出入口3,中捷臺中高鐵站_出入口3,202205,,,TM2
Point (210872.00349999897298403 2667266.29849999863654375),B0000014220,9960103,,臺中捷運臺中高鐵站_出入口1,中捷臺中高鐵站_出入口1,202205,,,TM2
Point (210776.27370000080554746 2667268.55870000133290887),B0000014185,9960103,,臺中捷運臺中高鐵站_119,中捷臺中高鐵站_119,202205,,,TM2
Point (212838.22969999964698218 2667281.39010000042617321),B0000014198,9960103,,臺中捷運九德站_出入口1,中捷九德站_出入口1,202205,,,TM2
Point (210740.22030000109225512 2667321.90389999886974692),B0000014221,9960103,,臺中捷運臺中高鐵站_出入口2,中捷臺中高鐵站_出入口2,202205,,,TM2
Point (212842.37849999935133383 2667363.27790000010281801),B0000006239,9960103,,臺中捷運九德站_117,中捷九德站_117,202205,,,TM2
Point (212804.65889999986393377 2667369.37850000057369471),B0000014197,9960103,,臺中捷運九德站_出入口2,中捷九德站_出入口2,202205,,,TM2
Point (213373.58670000050915405 2667744.4746999996714294),B0000014196,9960103,,臺中捷運九張犁站_出入口,中捷九張犁站_出入口,202205,,,TM2
Point (213419.27429999999003485 2667747.69490000139921904),B0000014186,9960103,,臺中捷運九張犁站_116,中捷九張犁站_116,202205,,,TM2
Point (214192.85109999950509518 2668242.23269999958574772),B0000014200,9960103,,臺中捷運大慶站_出入口2,中捷大慶站_出入口2,202205,,,TM2
Point (214228.78890000045066699 2668254.10389999998733401),B0000014201,9960103,,臺中捷運大慶站_出入口3,中捷大慶站_出入口3,202205,,,TM2
Point (214187.34130000049481168 2668258.34429999906569719),B0000006241,9960103,,臺中捷運大慶站_115,中捷大慶站_115,202205,,,TM2
Point (214170.30850000068312511 2668280.38649999862536788),B0000014199,9960103,,臺中捷運大慶站_出入口1,中捷大慶站_出入口1,202205,,,TM2
Point (214097.57470000063767657 2669731.93649999937042594),B0000014224,9960103,,臺中捷運豐樂公園站_出入口,中捷豐樂公園站_出入口,202205,,,TM2
Point (214067.62510000084876083 2669754.0887000011280179),B0000014187,9960103,,臺中捷運豐樂公園站_114,中捷豐樂公園站_114,202205,,,TM2
Point (214126.65009999967878684 2670606.14090000139549375),B0000014217,9960103,,臺中捷運南屯站_出入口,中捷南屯站_出入口,202205,,,TM2
Point (214094.89410000038333237 2670640.72430000128224492),B0000006244,9960103,,臺中捷運南屯站_113,中捷南屯站_113,202205,,,TM2
Point (214066.27230000041890889 2671136.06210000161081553),B0000014204,9960103,,臺中捷運文心森林公園站_出入口,中捷文心森林公園站_出入口,202205,,,TM2
Point (214096.19729999918490648 2671169.96549999993294477),B0000014188,9960103,,臺中捷運文心森林公園站_112,中捷文心森林公園站_112,202205,,,TM2
Point (214105.77370000060182065 2672029.6183000011369586),B0000006246,9960103,,臺中捷運水安宮站_111,中捷水安宮站_111,202205,,,TM2
Point (214073.30829999916022643 2672058.43129999935626984),B0000014207,9960103,,臺中捷運水安宮站_出入口,中捷水安宮站_出入口,202205,,,TM2
Point (214395.02569999953266233 2672953.31770000047981739),B0000014213,9960103,,臺中捷運市政府站_出入口2,中捷市政府站_出入口2,202205,,,TM2
Point (214327.66170000069541857 2672967.77889999840408564),B0000014190,9960103,,臺中捷運市政府站_110,中捷市政府站_110,202205,,,TM2
Point (214274.77349999925354496 2673030.46509999921545386),B0000014212,9960103,,臺中捷運市政府站_出入口1,中捷市政府站_出入口1,202205,,,TM2
Point (214806.36930000016582198 2673619.61190000083297491),B0000014191,9960103,,臺中捷運文心櫻花站_109,中捷文心櫻花站_109,202205,,,TM2
Point (214804.07629999963683076 2673652.67509999964386225),B0000014205,9960103,,臺中捷運文心櫻花站_出入口,中捷文心櫻花站_出入口,202205,,,TM2
Point (218856.67329999926732853 2673988.22749999864026904),B0000014211,9960103,,臺中捷運四維國小站_出入口,中捷四維國小站_出入口,202205,,,TM2
Point (218826.75669999915407971 2674023.15090000117197633),B0000014192,9960103,,臺中捷運四維國小站_105,中捷四維國小站_105,202205,,,TM2
Point (215481.15610000060405582 2674042.97270000027492642),B0000014193,9960103,,臺中捷運文華高中站_108,中捷文華高中站_108,202205,,,TM2
Point (215507.86409999884199351 2674085.35689999954774976),B0000014206,9960103,,臺中捷運文華高中站_出入口,中捷文華高中站_出入口,202205,,,TM2
Point (218010.94849999953294173 2674092.35750000085681677),B0000014203,9960103,,臺中捷運文心崇德站_出入口,中捷文心崇德站_出入口,202205,,,TM2
Point (217964.58469999965745956 2674131.35130000021308661),B0000014194,9960103,,臺中捷運文心崇德站_106,中捷文心崇德站_106,202205,,,TM2
Point (216564.34169999966979958 2674280.42570000048726797),B0000014202,9960103,,臺中捷運文心中清站_出入口,中捷文心中清站_出入口,202205,,,TM2
Point (216532.04129999884753488 2674297.20729999942705035),B0000006253,9960103,,臺中捷運文心中清站_107,中捷文心中清站_107,202205,,,TM2
Point (219701.58170000102836639 2675045.09949999954551458),B0000014216,9960103,,臺中捷運松竹站_出入口3,中捷松竹站_出入口3,202205,,,TM2
Point (219684.86230000050272793 2675060.69109999854117632),B0000014215,9960103,,臺中捷運松竹站_出入口2,中捷松竹站_出入口2,202205,,,TM2
Point (219635.5787000015261583 2675080.3529000012204051),B0000014214,9960103,,臺中捷運松竹站_出入口1,中捷松竹站_出入口1,202205,,,TM2
Point (219668.69570000015664846 2675083.07330000121146441),B0000014195,9960103,,臺中捷運松竹站_104,中捷松竹站_104,202205,,,TM2
Point (220262.43429999932413921 2675243.77869999967515469),B0000006255,9960103,,臺中捷運舊社站_103,中捷舊社站_103,202205,,,TM2
Point (220284.02030000035301782 2675276.33189999964088202),B0000014223,9960103,,臺中捷運舊社站_出入口,中捷舊社站_出入口,202205,,,TM2
Point (220406.20270000002346933 2675937.81569999922066927),B0000014209,9960103,,臺中捷運北屯總站_出入口2,中捷北屯總站_出入口2,202205,,,TM2
Point (220414.93750000081490725 2675970.3688999991863966),B0000009180,9960103,,臺中捷運北屯總站_103a,中捷北屯總站_103a,202205,,,TM2
Point (220432.81990000035148114 2675976.80950000043958426),B0000014210,9960103,,臺中捷運北屯總站_出入口3,中捷北屯總站_出入口3,202205,,,TM2
Point (220388.40269999980228022 2676014.10309999901801348),B0000014208,9960103,,臺中捷運北屯總站_出入口1,中捷北屯總站_出入口1,202205,,,TM2
Point (178732.83479999951669015 2508572.05970000009983778),E0000000042,9960103,,高雄捷運生態園區站_出入口1,高捷生態園區站_出入口1,202408,,,TM2
Point (187348.56360000089625828 2502579.7793999994173646),E0000014528,9960103,,高雄捷運大寮(前庄)站_OT1,高捷大寮站,202407,高雄市大寮區捷西路300號,,TM2
Point (178031.09460000123362988 2521527.10909999907016754),E0000014501,9960103,,高雄捷運岡山車站_RK1,高捷岡山車站_RK1,202405,,,TM2
Point (175428.52310000092256814 2502546.40589999873191118),E0000012968,9960103,,高雄捷運哈瑪星站_O1,高捷哈瑪星站_O1,202403,高雄市鼓山區臨海二路17-1號,,TM2
Point (175505.55409999936819077 2502553.22650000033900142),E0000004725,9960103,,高雄捷運哈瑪星站_出入口2,高捷哈瑪星站_出入口2,202403,,,TM2
Point (175301.74629999930039048 2502601.37109999964013696),E0000004721,9960103,,高雄捷運哈瑪星站_出入口1,高捷哈瑪星站_出入口1,202403,,,TM2
Point (181624.27269999933196232 2503092.78850000072270632),E0000004054,9960103,,高雄捷運苓雅運動園區站_出入口3,高捷苓雅運動園區站_出入口3,202403,,,TM2
Point (181548.92430000056629069 2503147.84390000021085143),E0000004053,9960103,,高雄捷運苓雅運動園區站_出入口2,高捷苓雅運動園區站_出入口2,202403,,,TM2
Point (181598.33169999942765571 2503166.29569999966770411),E0000005844,9960103,,高雄捷運苓雅運動園區站_O9,高捷苓雅運動園區站_O9,202403,高雄市苓雅區中正一路99號,,TM2
Point (181655.21210000084829517 2503168.46589999925345182),E0000004052,9960103,,高雄捷運苓雅運動園區站_出入口4,高捷苓雅運動園區站_出入口4,202403,,,TM2
Point (181529.4498999995412305 2503218.35070000123232603),E0000004046,9960103,,高雄捷運苓雅運動園區站_出入口1,高捷苓雅運動園區站_出入口1,202403,,,TM2
Point (177409.67850000050384551 2503310.06949999975040555),E0000004110,9960103,,高雄捷運前金站_出入口2,高捷前金站_出入口2,202403,,,TM2
Point (177486.31370000031893142 2503369.61530000017955899),E0000005841,9960103,,高雄捷運前金站_O4,高捷前金站_O4,202403,高雄市前金區中正四路192-1號,,TM2
Point (177563.98809999928926118 2503377.72610000008717179),E0000004109,9960103,,高雄捷運前金站_出入口3,高捷前金站_出入口3,202403,,,TM2
Point (177390.77349999936996028 2503378.42609999980777502),E0000004104,9960103,,高雄捷運前金站_出入口1,高捷前金站_出入口1,202403,,,TM2
Point (177555.50889999952050857 2503406.1389000010676682),E0000004108,9960103,,高雄捷運前金站_出入口4,高捷前金站_出入口4,202403,,,TM2
Point (178765.87549999973271042 2513263.80050000036135316),E0000000516,9960103,,高雄捷運楠梓科技園區站_出入口2,高捷楠梓科技園區站_出入口2,202403,,,TM2
Point (178810.19369999898481183 2513276.50170000130310655),E0000000518,9960103,,高雄捷運楠梓科技園區站_出入口3,高捷楠梓科技園區站_出入口3,202403,,,TM2
Point (178746.3599000001559034 2513293.893499999307096),E0000000522,9960103,,高雄捷運楠梓科技園區站_出入口1,高捷楠梓科技園區站_出入口1,202403,,,TM2
Point (178831.61449999955948442 2513299.77410000097006559),E0000005858,9960103,,高雄捷運楠梓科技園區站_R19,高捷楠梓科技園區站_R19,202403,高雄市楠梓區加昌路598號,,TM2
Point (178881.23630000089178793 2513306.52470000041648746),E0000000524,9960103,,高雄捷運楠梓科技園區站_出入口4,高捷楠梓科技園區站_出入口4,202403,,,TM2
Point (178866.94209999946178868 2513328.08669999986886978),E0000000527,9960103,,高雄捷運楠梓科技園區站_出入口5,高捷楠梓科技園區站_出入口5,202403,,,TM2
Point (178895.91010000079404563 2513338.9377000005915761),E0000000528,9960103,,高雄捷運楠梓科技園區站_出入口6,高捷楠梓科技園區站_出入口6,202403,,,TM2
Point (178253.62189999909605831 2520142.75469999993219972),E0000001023,9960103,,高雄捷運岡山高醫站_出入口1,高捷岡山高醫站_出入口1,202403,,,TM2
Point (178308.18450000137090683 2520180.71830000029876828),E0000005849,9960103,,高雄捷運岡山高醫站_R24,高捷岡山高醫站_R24,202403,高雄市岡山區中山南路2號,,TM2
Point (178297.61009999935049564 2520221.14229999948292971),E0000001026,9960103,,高雄捷運岡山高醫站_出入口2,高捷岡山高醫站_出入口2,202403,,,TM2
Point (183570.34810000093420967 2496143.32770000025629997),E0000005582,9960103,,高雄捷運小港(小港醫院)站_出入口1,高捷小港站_出入口1,202205,,,TM2
Point (183617.71810000026016496 2496187.06190000008791685),E0000005583,9960103,,高雄捷運小港(小港醫院)站_出入口2,高捷小港站_出入口2,202205,,,TM2
Point (183541.89129999937722459 2496232.70630000066012144),E0000012965,9960103,,高雄捷運小港(小港醫院)站_R3,高捷小港站_R3,202205,高雄市小港區沿海一路280號,,TM2
Point (183483.08070000077714212 2496239.02690000087022781),E0000005585,9960103,,高雄捷運小港(小港醫院)站_出入口4,高捷小港站_出入口4,202205,,,TM2
Point (183525.15550000115763396 2496296.51249999925494194),E0000005584,9960103,,高雄捷運小港(小港醫院)站_出入口3,高捷小港站_出入口3,202205,,,TM2
Point (182534.93650000085472129 2496741.97550000157207251),E0000005581,9960103,,高雄捷運高雄國際機場站_出入口1,高捷高雄國際機場站_出入口1,202205,,,TM2
Point (182393.30470000076456927 2496812.86229999829083681),E0000005855,9960103,,高雄捷運高雄國際機場站_R4,高捷高雄國際機場站_R4,202205,高雄市小港區中山四路2-2號,,TM2
Point (182456.04130000015720725 2496838.08470000047236681),E0000005586,9960103,,高雄捷運高雄國際機場站_出入口4,高捷高雄國際機場站_出入口4,202205,,,TM2
Point (182315.49830000085057691 2496844.16530000045895576),E0000005589,9960103,,高雄捷運高雄國際機場站_出入口3,高捷高雄國際機場站_出入口3,202205,,,TM2
Point (182278.77669999975478277 2496845.32549999980255961),E0000005588,9960103,,高雄捷運高雄國際機場站_出入口5,高捷高雄國際機場站_出入口5,202205,,,TM2
Point (182251.02950000012060627 2496846.89550000010058284),E0000005587,9960103,,高雄捷運高雄國際機場站_出入口7,高捷高雄國際機場站_出入口7,202205,,,TM2
Point (182506.91690000065136701 2496878.64869999978691339),E0000005591,9960103,,高雄捷運高雄國際機場站_出入口2,高捷高雄國際機場站_出入口2,202205,,,TM2
Point (182314.48370000050636008 2496938.70450000138953328),E0000005590,9960103,,高雄捷運高雄國際機場站_出入口6,高捷高雄國際機場站_出入口6,202205,,,TM2
Point (180971.0387000004411675 2497874.23469999944791198),E0000005592,9960103,,高雄捷運草衙(高雄捷運公司)站_出入口1,高捷草衙站_出入口1,202205,,,TM2
Point (180965.13289999857079238 2497941.93129999935626984),E0000005853,9960103,,高雄捷運草衙(高雄捷運公司)站_R4A,高捷草衙站_R4A,202205,高雄市前鎮區翠亨南路555號,,TM2
Point (180936.70930000094813295 2497960.1230999999679625),E0000005599,9960103,,高雄捷運草衙(高雄捷運公司)站_出入口3,高捷草衙站_出入口3,202205,,,TM2
Point (180896.84509999959846027 2498011.7580999992787838),E0000005600,9960103,,高雄捷運草衙(高雄捷運公司)站_出入口4,高捷草衙站_出入口4,202205,,,TM2
Point (181017.98830000014277175 2498025.19929999997839332),E0000005598,9960103,,高雄捷運草衙(高雄捷運公司)站_出入口2,高捷草衙站_出入口2,202205,,,TM2
Point (180262.92050000111339614 2498801.79430000018328428),E0000005593,9960103,,高雄捷運前鎮高中站_出入口1,高捷前鎮高中站_出入口1,202205,,,TM2
Point (180261.12250000023050234 2498849.6988999992609024),E0000005848,9960103,,高雄捷運前鎮高中站_R5,高捷前鎮高中站_R5,202205,高雄市前鎮區翠亨北路225號,,TM2
Point (180201.4044999991892837 2498910.27470000134781003),E0000005601,9960103,,高雄捷運前鎮高中站_出入口3,高捷前鎮高中站_出入口3,202205,,,TM2
Point (180310.18350000013015233 2498918.06550000095739961),E0000005597,9960103,,高雄捷運前鎮高中站_出入口2,高捷前鎮高中站_出入口2,202205,,,TM2
Point (179600.72070000146050006 2499723.66330000106245279),E0000005594,9960103,,高雄捷運凱旋站_出入口1,高捷凱旋站_出入口1,202205,,,TM2
Point (179684.81229999964125454 2499762.35710000153630972),E0000005595,9960103,,高雄捷運凱旋站_出入口2,高捷凱旋站_出入口2,202205,,,TM2
Point (179590.19589999882737175 2499777.58850000146776438),E0000005857,9960103,,高雄捷運凱旋站_R6,高捷凱旋站_R6,202205,高雄市前鎮區中山三路1號,,TM2
Point (179499.66230000057839788 2499885.4488999992609024),E0000005596,9960103,,高雄捷運凱旋站_出入口3,高捷凱旋站_出入口3,202205,,,TM2
Point (178888.13209999984246679 2500733.25070000067353249),E0000004722,9960103,,高雄捷運獅甲(勞工公園)站_出入口1,高捷獅甲站_出入口1,202205,,,TM2
Point (178927.64149999912478961 2500787.66609999909996986),E0000004723,9960103,,高雄捷運獅甲(勞工公園)站_出入口2,高捷獅甲站_出入口2,202205,,,TM2
Point (178880.03210000111721456 2500797.60690000001341105),E0000005859,9960103,,高雄捷運獅甲(勞工公園)站_R7,高捷獅甲站_R7,202205,高雄市前鎮區中山三路150號,,TM2
Point (178810.34209999986342154 2500859.19289999967440963),E0000004726,9960103,,高雄捷運獅甲(勞工公園)站_出入口4,高捷獅甲站_出入口4,202205,,,TM2
Point (178855.05629999976372346 2500893.32630000123754144),E0000004727,9960103,,高雄捷運獅甲(勞工公園)站_出入口3,高捷獅甲站_出入口3,202205,,,TM2
Point (178509.56710000016028062 2501570.34170000161975622),E0000004724,9960103,,高雄捷運三多商圈站_出入口2,高捷三多商圈站_出入口2,202205,,,TM2
Point (178555.00709999987157062 2501611.04549999861046672),E0000004733,9960103,,高雄捷運三多商圈站_出入口3,高捷三多商圈站_出入口3,202205,,,TM2
Point (178529.83330000040587038 2501622.01650000084191561),E0000005830,9960103,,高雄捷運三多商圈站_R8,高捷三多商圈站_R8,202205,高雄市前鎮區中山二路268號,,TM2
Point (178464.97670000014477409 2501624.89689999958500266),E0000004720,9960103,,高雄捷運三多商圈站_出入口1,高捷三多商圈站_出入口1,202205,,,TM2
Point (187362.06729999967501499 2502473.17869999958202243),E0000005015,9960103,,高雄捷運大寮(前庄)站_出入口2,高捷大寮站_出入口2,202205,,,TM2
Point (187380.37029999861260876 2502529.45429999940097332),E0000005014,9960103,,高雄捷運大寮(前庄)站_出入口1,高捷大寮站_出入口1,202205,,,TM2
Point (176335.7639000003982801 2502740.47450000140815973),E0000004728,9960103,,高雄捷運鹽埕埔站_出入口1,高捷鹽埕埔站_出入口1,202205,,,TM2
Point (178168.7961000001814682 2502789.25929999956861138),E0000004093,9960103,,高雄捷運中央公園站_出入口2,高捷中央公園站_出入口2,202205,,,TM2
Point (176385.37750000064261258 2502796.61990000028163195),E0000004106,9960103,,高雄捷運鹽埕埔站_出入口4,高捷鹽埕埔站_出入口4,202205,,,TM2
Point (176392.42170000047190115 2502811.28150000097230077),E0000005865,9960103,,高雄捷運鹽埕埔站_O2,高捷鹽埕埔站_O2,202205,高雄市鹽埕區大勇路96號,,TM2
Point (185424.3887000007671304 2502821.14230000041425228),E0000008812,9960103,,高雄捷運鳳山國中站_出入口2,高捷鳳山國中站_出入口2,202205,,,TM2
Point (176402.78150000024470501 2502832.03350000083446503),E0000004107,9960103,,高雄捷運鹽埕埔站_出入口3,高捷鹽埕埔站_出入口3,202205,,,TM2
Point (185384.21949999878415838 2502866.09670000011101365),E0000004051,9960103,,高雄捷運鳳山國中站_出入口1,高捷鳳山國中站_出入口1,202205,,,TM2
Point (176445.43349999975180253 2502876.96769999992102385),E0000004105,9960103,,高雄捷運鹽埕埔站_出入口2,高捷鹽埕埔站_出入口2,202205,,,TM2
Point (185494.41689999989466742 2502880.38810000009834766),E0000005861,9960103,,高雄捷運鳳山國中站_O14,高捷鳳山國中站,202205,高雄市鳳山區中山東路225號,,TM2
Point (182260.31709999885060824 2502889.4488999992609024),E0000004056,9960103,,高雄捷運衛武營站_出入口3,高捷衛武營站_出入口3,202205,,,TM2
Point (182910.14430000021820888 2502900.1401000008918345),E0000004050,9960103,,高雄捷運鳳山西站(高雄市議會)_出入口1,高捷鳳山西站_出入口1,202205,,,TM2
Point (178164.90289999925880693 2502906.16049999836832285),E0000005834,9960103,,高雄捷運中央公園站_R9,高捷中央公園站_R9,202205,高雄市前金區中山一路11號,,TM2
Point (185609.6376999988569878 2502907.68070000130683184),E0000004063,9960103,,高雄捷運鳳山國中站_出入口3,高捷鳳山國中站_出入口3,202205,,,TM2
Point (182309.48529999886523001 2502909.60089999949559569),E0000005862,9960103,,高雄捷運衛武營站_O10,高捷衛武營站_O10,202205,高雄市苓雅區中正一路2號,,TM2
Point (182430.1662999996333383 2502914.56129999924451113),E0000004058,9960103,,高雄捷運衛武營站_出入口5,高捷衛武營站_出入口5,202205,,,TM2
Point (178088.25129999947967008 2502916.611500000115484),E0000004091,9960103,,高雄捷運中央公園站_出入口1,高捷中央公園站_出入口1,202205,,,TM2
Point (183077.08210000055260025 2502917.52169999992474914),E0000004059,9960103,,高雄捷運鳳山西站(高雄市議會)_出入口2,高捷鳳山西站_出入口2,202205,,,TM2
Point (182195.19649999891407788 2502919.69189999951049685),E0000004055,9960103,,高雄捷運衛武營站_出入口2,高捷衛武營站_出入口2,202205,,,TM2
Point (184501.18730000031064264 2502921.50209999969229102),E0000004061,9960103,,高雄捷運大東站_出入口2,高捷大東站_出入口2,202311,,,TM2
Point (184555.16430000029504299 2502924.6223000013269484),E0000005831,9960103,,高雄捷運大東站_O13,高捷大東站,202205,高雄市鳳山區光遠路226號,,TM2
Point (182345.95930000022053719 2502925.83250000001862645),E0000004057,9960103,,高雄捷運衛武營站_出入口4,高捷衛武營站_出入口4,202205,,,TM2
Point (182911.27429999955347739 2502933.07310000155121088),E0000012969,9960103,,高雄捷運鳳山西站(高雄市議會)_O11,高捷鳳山西站_O11,202205,高雄市鳳山區自由路281號,,TM2
Point (184585.32009999925503507 2502953.24510000040754676),E0000004049,9960103,,高雄捷運大東站_出入口1,高捷大東站_出入口1,202205,,,TM2
Point (182203.56029999972088262 2502974.56709999963641167),E0000004048,9960103,,高雄捷運衛武營站_出入口1,高捷衛武營站_出入口1,202205,,,TM2
Point (183782.17310000082943588 2502989.48870000150054693),E0000004060,9960103,,高雄捷運鳳山站_出入口1,高捷鳳山站_出入口1,202205,,,TM2
Point (183786.32210000033956021 2503015.54109999956563115),E0000005860,9960103,,高雄捷運鳳山站_O12,高捷鳳山站_O12,202205,高雄市鳳山區光遠路446號,,TM2
Point (178195.47109999877284281 2503022.10169999999925494),E0000004092,9960103,,高雄捷運中央公園站_出入口3,高捷中央公園站_出入口3,202205,,,TM2
Point (183786.52010000063455664 2503039.48350000055506825),E0000004047,9960103,,高雄捷運鳳山站_出入口2,高捷鳳山站_出入口2,202205,,,TM2
Point (180911.48589999982505105 2503376.61609999928623438),E0000004076,9960103,,高雄捷運五塊厝站_出入口4,高捷五塊厝站_出入口4,202205,,,TM2
Point (180980.88730000040959567 2503407.21890000160783529),E0000004111,9960103,,高雄捷運五塊厝站_出入口6,高捷五塊厝站_出入口6,202205,,,TM2
Point (180813.33090000035008416 2503411.0193000016734004),E0000004075,9960103,,高雄捷運五塊厝站_出入口3,高捷五塊厝站_出入口3,202205,,,TM2
Point (180893.71070000040344894 2503417.83989999908953905),E0000005835,9960103,,高雄捷運五塊厝站_O8,高捷五塊厝站_O8,202205,高雄市苓雅區中正一路286號,,TM2
Point (180926.11829999915789813 2503427.59090000111609697),E0000004077,9960103,,高雄捷運五塊厝站_出入口5,高捷五塊厝站_出入口5,202205,,,TM2
Point (180866.83769999930518679 2503438.74190000025555491),E0000004064,9960103,,高雄捷運五塊厝站_出入口2,高捷五塊厝站_出入口2,202205,,,TM2
Point (180819.68210000020917505 2503442.88230000156909227),E0000004074,9960103,,高雄捷運五塊厝站_出入口1,高捷五塊厝站_出入口1,202205,,,TM2
Point (179929.83689999947091565 2503457.71370000019669533),E0000004112,9960103,,高雄捷運文化中心站_出入口3,高捷文化中心站_出入口3,202205,,,TM2
Point (179792.93130000028759241 2503493.70729999896138906),E0000004073,9960103,,高雄捷運文化中心站_出入口2,高捷文化中心站_出入口2,202205,,,TM2
Point (179867.92509999900357798 2503500.7279000012204051),E0000005836,9960103,,高雄捷運文化中心站_O7,高捷文化中心站_O7,202205,高雄市苓雅區中正二路45號,,TM2
Point (179916.4995000000926666 2503522.49009999912232161),E0000004113,9960103,,高雄捷運文化中心站_出入口4,高捷文化中心站_出入口4,202205,,,TM2
Point (179757.19970000075409189 2503529.35070000030100346),E0000004072,9960103,,高雄捷運文化中心站_出入口1,高捷文化中心站_出入口1,202205,,,TM2
Point (179297.5621000008250121 2503534.35129999974742532),E0000004070,9960103,,高雄捷運信義國小站_出入口4,高捷信義國小站_出入口4,202205,,,TM2
Point (179127.92710000049555674 2503547.45249999966472387),E0000004069,9960103,,高雄捷運信義國小站_出入口3,高捷信義國小站_出入口3,202205,,,TM2
Point (179233.9427000000141561 2503556.04330000001937151),E0000005847,9960103,,高雄捷運信義國小站_O6,高捷信義國小站_O6,202205,高雄市新興區中正三路32-1號,,TM2
Point (179311.32850000049802475 2503565.28429999854415655),E0000004071,9960103,,高雄捷運信義國小站_出入口5,高捷信義國小站_出入口5,202205,,,TM2
Point (179214.6334999994141981 2503575.17510000057518482),E0000004068,9960103,,高雄捷運信義國小站_出入口2,高捷信義國小站_出入口2,202205,,,TM2
Point (179135.42489999940153211 2503582.61590000055730343),E0000004065,9960103,,高雄捷運信義國小站_出入口1,高捷信義國小站_出入口1,202205,,,TM2
Point (178273.83009999903151765 2503588.55650000041350722),E0000004094,9960103,,高雄捷運美麗島站_出入口3,高捷美麗島站_出入口3,202205,,,TM2
Point (178209.87270000012358651 2503592.87690000096336007),E0000004097,9960103,,高雄捷運美麗島站_出入口2,高捷美麗島站_出入口2,202205,,,TM2
Point (178472.38370000111171976 2503600.62769999913871288),E0000004100,9960103,,高雄捷運美麗島站_出入口6,高捷美麗島站_出入口6,202205,,,TM2
Point (178406.40550000019720756 2503605.94810000061988831),E0000004101,9960103,,高雄捷運美麗島站_出入口5,高捷美麗島站_出入口5,202205,,,TM2
Point (178243.5588999988976866 2503627.620299999602139),E0000005852,9960103,,"高雄捷運美麗島站_O5,R10","高捷美麗島站_O5,R10",202205,高雄市新興區中山一路115號,,TM2
Point (178474.05809999970369972 2503632.4907000008970499),E0000004103,9960103,,高雄捷運美麗島站_出入口8,高捷美麗島站_出入口8,202205,,,TM2
Point (178416.29509999891160987 2503637.53110000025480986),E0000004102,9960103,,高雄捷運美麗島站_出入口7,高捷美麗島站_出入口7,202205,,,TM2
Point (178198.27550000112387352 2503668.00410000141710043),E0000004096,9960103,,高雄捷運美麗島站_出入口1,高捷美麗島站_出入口1,202205,,,TM2
Point (178284.04169999994337559 2503673.84469999885186553),E0000004095,9960103,,高雄捷運美麗島站_出入口4,高捷美麗島站_出入口4,202205,,,TM2
Point (178271.09989999933168292 2503732.75030000042170286),E0000004099,9960103,,高雄捷運美麗島站_出入口10,高捷美麗島站_出入口10,202205,,,TM2
Point (178236.86950000113574788 2503735.7907000002451241),E0000004098,9960103,,高雄捷運美麗島站_出入口9,高捷美麗島站_出入口9,202205,,,TM2
Point (178241.0100999997521285 2503784.12529999855905771),E0000004090,9960103,,高雄捷運美麗島站_出入口11,高捷美麗島站_出入口11,202205,,,TM2
Point (178315.82230000029085204 2504487.65330000082030892),E0000011390,9960103,,高雄捷運高雄車站_R11,高捷高雄車站_R11,202205,高雄市三民區建國二路320號,,TM2
Point (178313.45509999932255596 2504507.38509999867528677),E0000012958,9960103,,高雄捷運高雄車站_出入口2,高捷高車雄站_出入口2,202205,,,TM2
Point (178425.9374999997089617 2505459.64709999924525619),E0000004089,9960103,,高雄捷運後驛(高醫大)站_出入口2,高捷後驛站_出入口2,202205,,,TM2
Point (178375.16909999932977371 2505466.6477000005543232),E0000004088,9960103,,高雄捷運後驛(高醫大)站_出入口1,高捷後驛站_出入口1,202205,,,TM2
Point (178398.31390000015380792 2505520.94289999967440963),E0000005851,9960103,,高雄捷運後驛(高醫大)站_R12,高捷後驛站_R12,202205,高雄市三民區博愛一路220號,,TM2
Point (178433.54250000100000761 2505577.15850000083446503),E0000004086,9960103,,高雄捷運後驛(高醫大)站_出入口3,高捷後驛站_出入口3,202205,,,TM2
Point (178384.40710000085528009 2505599.27050000103190541),E0000004085,9960103,,高雄捷運後驛(高醫大)站_出入口4,高捷後驛站_出入口4,202205,,,TM2
Point (178410.570899999642279 2506473.97509999992325902),E0000004084,9960103,,高雄捷運凹子底站_出入口2,高捷凹子底站_出入口2,202205,,,TM2
Point (178350.67969999910565093 2506479.85549999913200736),E0000004066,9960103,,高雄捷運凹子底站_出入口1,高捷凹子底站_出入口1,202205,,,TM2
Point (178380.17569999981787987 2506510.62849999917671084),E0000005838,9960103,,高雄捷運凹子底站_R13,高捷凹子底站_R13,202205,高雄市鼓山區博愛二路21號,,TM2
Point (178392.10290000008535571 2506566.23389999940991402),E0000008835,9960103,,高雄捷運凹子底站_出入口3,高捷凹子底站_出入口3,202205,,,TM2
Point (178329.13509999867528677 2506655.28250000067055225),E0000004082,9960103,,高雄捷運凹子底站_出入口4,高捷凹子底站_出入口4,202205,,,TM2
Point (178372.03470000013476238 2507423.67670000065118074),E0000004078,9960103,,高雄捷運巨蛋(三民家商)站_出入口2,高捷巨蛋站_出入口2,202205,,,TM2
Point (178345.28529999908641912 2507457.80990000069141388),E0000004067,9960103,,高雄捷運巨蛋(三民家商)站_出入口1,高捷巨蛋站_出入口1,202205,,,TM2
Point (178404.92889999988256022 2507464.85070000123232603),E0000005840,9960103,,高雄捷運巨蛋(三民家商)站_R14,高捷巨蛋站_R14,202205,高雄市左營區博愛二路485號,,TM2
Point (178387.36009999946691096 2507503.17430000100284815),E0000004079,9960103,,高雄捷運巨蛋(三民家商)站_出入口3,高捷巨蛋站_出入口3,202205,,,TM2
Point (178424.44449999945936725 2507541.43809999991208315),E0000004081,9960103,,高雄捷運巨蛋(三民家商)站_出入口4,高捷巨蛋站_出入口4,202205,,,TM2
Point (178389.16650000121444464 2507544.34830000158399343),E0000004080,9960103,,高雄捷運巨蛋(三民家商)站_出入口5,高捷巨蛋站_出入口5,202205,,,TM2
Point (178738.79609999962849542 2508645.37470000004395843),E0000005842,9960103,,高雄捷運生態園區站_R15,高捷生態園區站_R15,202205,高雄市左營區博愛三路435號,,TM2
Point (178748.81789999909233302 2508721.80209999997168779),E0000000068,9960103,,高雄捷運生態園區站_出入口2,高捷生態園區站_出入口2,202205,,,TM2
Point (178964.9899000010045711 2509851.37110000010579824),E0000000236,9960103,,高雄捷運左營／高鐵站_出入口1,高捷左營／高鐵站_出入口1,202205,,,TM2
Point (179002.51969999901484698 2509900.7959000002592802),E0000005839,9960103,,高雄捷運左營／高鐵站_R16,高捷左營／高鐵站,202205,高雄市左營區高鐵路107號,,TM2
Point (178962.34210000062012114 2509910.24669999908655882),E0000000249,9960103,,高雄捷運左營／高鐵站_出入口2,高捷左營／高鐵站_出入口2,202205,,,TM2
Point (178367.06930000041029416 2511375.73829999938607216),E0000000370,9960103,,高雄捷運世運(國家體育園區)站_出入口3,高捷世運站_出入口3,202205,,,TM2
Point (178324.59869999924558215 2511376.91830000001937151),E0000000371,9960103,,高雄捷運世運(國家體育園區)站_出入口1,高捷世運站_出入口1,202205,,,TM2
Point (178340.82310000009601936 2511409.08150000032037497),E0000005837,9960103,,高雄捷運世運(國家體育園區)站_R17,高捷世運站_R17,202205,高雄市楠梓區左楠路1號,,TM2
Point (178321.02709999869694002 2511448.75530000077560544),E0000000383,9960103,,高雄捷運世運(國家體育園區)站_出入口2,高捷世運站_出入口2,202205,,,TM2
Point (178362.04590000037569553 2511449.02529999893158674),E0000000384,9960103,,高雄捷運世運(國家體育園區)站_出入口4,高捷世運站_出入口4,202205,,,TM2
Point (178340.01470000116387382 2512156.07349999994039536),E0000000412,9960103,,高雄捷運油廠國小站_出入口3,高捷油廠國小站_出入口3,202205,,,TM2
Point (178307.466900000377791 2512156.86370000056922436),E0000000413,9960103,,高雄捷運油廠國小站_出入口1,高捷油廠國小站_出入口1,202205,,,TM2
Point (178323.93869999895105138 2512187.75669999932870269),E0000005845,9960103,,高雄捷運油廠國小站_R18,高捷油廠國小站_R18,202205,高雄市楠梓區左楠路6號,,TM2
Point (178304.03549999964889139 2512213.2291000010445714),E0000000424,9960103,,高雄捷運油廠國小站_出入口2,高捷油廠國小站_出入口2,202205,,,TM2
Point (178340.28689999968628399 2512214.01929999981075525),E0000000425,9960103,,高雄捷運油廠國小站_出入口4,高捷油廠國小站_出入口4,202205,,,TM2
Point (179804.18210000032559037 2513712.28389999968931079),E0000012885,9960103,,高雄捷運後勁(海科大)站_R20,高捷後勁站_R20,202205,高雄市楠梓區加昌路178號,,TM2
Point (179762.45370000114780851 2513712.68390000099316239),E0000000566,9960103,,高雄捷運後勁(海科大)站_出入口1,高捷後勁站_出入口1,202205,,,TM2
Point (179837.97549999918555841 2513718.54450000124052167),E0000000568,9960103,,高雄捷運後勁(海科大)站_出入口3,高捷後勁站_出入口3,202205,,,TM2
Point (179829.52909999928670004 2513741.58669999986886978),E0000000573,9960103,,高雄捷運後勁(海科大)站_出入口2,高捷後勁站_出入口2,202205,,,TM2
Point (180245.03809999936493114 2514418.73210000060498714),E0000000702,9960103,,高雄捷運都會公園站_出入口1,高捷都會公園站_出入口1,202205,,,TM2
Point (180289.73589999933028594 2514428.25290000159293413),E0000000708,9960103,,高雄捷運都會公園站_出入口2,高捷都會公園站_出入口2,202205,,,TM2
Point (180253.78149999864399433 2514471.98709999909624457),E0000005856,9960103,,高雄捷運都會公園站_R21,高捷都會公園站_R21,202205,高雄市楠梓區高楠公路1835號,,TM2
Point (180215.40209999866783619 2514529.94270000094547868),E0000000737,9960103,,高雄捷運都會公園站_出入口4,高捷都會公園站_出入口4,202205,,,TM2
Point (180260.92449999993550591 2514537.25350000057369471),E0000000739,9960103,,高雄捷運都會公園站_出入口3,高捷都會公園站_出入口3,202205,,,TM2
Point (179926.16649999970104545 2516066.65109999943524599),E0000000863,9960103,,高雄捷運青埔(高科大)站_出入口,高捷青埔站_出入口,202205,,,TM2
Point (179925.58069999987492338 2516085.94290000107139349),E0000005846,9960103,,高雄捷運青埔(高科大)站_R22,高捷青埔站_R22,202205,高雄市橋頭區經武路20號,,TM2
Point (179603.07990000117570162 2517072.03810000000521541),E0000000896,9960103,,高雄捷運橋頭糖廠站_出入口1,高捷橋頭糖廠站_出入口1,202205,,,TM2
Point (179636.32049999985611066 2517088.01970000099390745),E0000000900,9960103,,高雄捷運橋頭糖廠站_出入口3,高捷橋頭糖廠站_出入口3,202205,,,TM2
Point (179627.79989999951794744 2517103.28130000131204724),E0000005864,9960103,,高雄捷運橋頭糖廠站_R22A,高捷橋頭糖廠站_R22A,202205,高雄市橋頭區興糖路19號,,TM2
Point (179623.75009999884059653 2517117.79250000044703484),E0000000901,9960103,,高雄捷運橋頭糖廠站_出入口2,高捷橋頭糖廠站_出入口2,202205,,,TM2
Point (179288.18369999967399053 2517871.77529999939724803),E0000000943,9960103,,高雄捷運橋頭火車站_出入口1,高捷橋頭火車站_出入口1,202205,,,TM2
Point (179237.41530000150669366 2517913.61949999956414104),E0000005863,9960103,,高雄捷運橋頭火車站_R23,高捷橋頭火車站_R23,202205,高雄市橋頭區站前街12-1號,,TM2
Point (179127.33329999935813248 2517979.2656999989412725),E0000000960,9960103,,高雄捷運橋頭火車站_出入口2,高捷橋頭火車站_出入口2,202205,,,TM2
Point (304292.58899999968707561 2761254.99200000055134296),F0000003261,9960103,,臺北捷運新店站_G01,北捷新店站_G01,201904,新北市新店區北宜路一段2號,02-218-12345,TM2
Point (304297.5849999999627471 2761256.42400000058114529),F0000003151,9960103,,臺北捷運新店站-出入口,北捷新店站-出入口,201904,新北市新店區北新路一段與北宜路一段交叉口,,TM2
Point (292262.35800000000745058 2761299.67600000090897083),F0000010541,9960103,,臺北捷運頂埔站-出入口2,北捷頂埔站-出入口2,202201,新北市土城區中央路四段，近鴻海精密工業,,TM2
Point (292262.8880000002682209 2761319.23900000005960464),F0000000573,9960103,,臺北捷運頂埔站_BL01,北捷頂埔站_BL01,201906,新北市土城區中央路四段51之6號B3,02-218-12345,TM2
Point (292241.46999999973922968 2761339.16100000031292439),F0000009516,9960103,,臺北捷運頂埔站-出入口1,北捷頂埔站-出入口1,202201,新北市土城區中央路四段約100號旁,,TM2
Point (292386.40299999993294477 2761373.07899999991059303),F0000010542,9960103,,臺北捷運頂埔站-出入口3,北捷頂埔站-出入口3,202201,新北市土城區中央路四段51之6號，近嵿埔之星科技廣場,,TM2
Point (292363.86000000033527613 2761415.3880000002682209),F0000016371,9960103,,臺北捷運頂埔站-出入口4,北捷頂埔站-出入口4,202201,新北市土城區中央路四段62號旁,,TM2
Point (294002.16899999976158142 2762078.50599999912083149),F0000003152,9960103,,臺北捷運永寧站-出入口2,北捷永寧站-出入口2,202201,新北市土城區中央路三段、承天路口,,TM2
Point (293977.90899999998509884 2762156.64000000059604645),F0000003153,9960103,,臺北捷運永寧站-出入口1,北捷永寧站-出入口1,201904,新北市土城區中央路三段98巷口,,TM2
Point (294049.76599999982863665 2762179.51099999994039536),F0000003235,9960103,,臺北捷運永寧站_BL02,北捷永寧站_BL02,202201,新北市土城區中央路三段105號B1,02-218-12345,TM2
Point (294132.28600000031292439 2762216.50100000016391277),F0000003154,9960103,,臺北捷運永寧站-出入口3,北捷永寧站-出入口3,202201,新北市土城區中央路三段、近89巷口,,TM2
Point (294104.24700000043958426 2762248.00599999912083149),F0000003155,9960103,,臺北捷運永寧站-出入口4,北捷永寧站-出入口4,202201,新北市土城區中央路三段60號,,TM2
Point (304635.95399999991059303 2762278.16899999976158142),F0000003156,9960103,,臺北捷運新店區公所站-出入口1,北捷新店區公所站-出入口1,201904,新北市新店區北新路一段295號與中華路交叉口,,TM2
Point (304672.928999999538064 2762312.3880000002682209),F0000003262,9960103,,臺北捷運新店區公所站_G02,北捷新店區公所站_G02,201904,新北市新店區北新路一段295號,02-218-12345,TM2
Point (304703.98400000017136335 2762334.06100000068545341),F0000003157,9960103,,臺北捷運新店區公所站-出入口2,北捷新店區公所站-出入口2,201904,新北市新店區北新路一段與北新路88巷交叉口,,TM2
Point (303600.31300000008195639 2762737.1510000005364418),F0000003265,9960103,,臺北捷運小碧潭站_G03A,北捷小碧潭站_G03A,202201,新北市新店區中央路151號4樓,02-218-12345,TM2
Point (303513.25 2762762.40399999916553497),F0000003158,9960103,,臺北捷運小碧潭站-出入口1,北捷小碧潭站-出入口1,202201,新北市新店區環河路與中央路交叉口,,TM2
Point (294799.17999999970197678 2762833.59799999929964542),F0000003159,9960103,,臺北捷運土城站-出入口2,北捷土城站-出入口2,202201,新北市土城區金城路一段、和平路交叉口、近戶政事務所,,TM2
Point (294867.76800000015646219 2762880.60600000061094761),F0000003236,9960103,,臺北捷運土城站_BL03,北捷土城站_BL03,201906,新北市土城區金城路一段105號B1,02-218-12345,TM2
Point (294846.60099999979138374 2762891.31900000013411045),F0000003160,9960103,,臺北捷運土城站-出入口1,北捷土城站-出入口1,201904,新北市土城區金城路一段、近金城公園,,TM2
Point (303524.25800000037997961 2762911.10099999979138374),F0000012141,9960103,,臺北捷運小碧潭站-出入口2,北捷小碧潭站-出入口2,202201,新北市新店區中央路與中央三街交叉口,,TM2
Point (294955.32000000029802322 2762932.23100000061094761),F0000003162,9960103,,臺北捷運土城站-出入口3,北捷土城站-出入口3,202201,新北市土城區金城路一段,,TM2
Point (304834.75299999956041574 2763109.7109999991953373),F0000003163,9960103,,臺北捷運七張站-出入口1,北捷七張站-出入口1,201904,新北市新店區北新路二段150號,,TM2
Point (304813.59499999973922968 2763216.73799999989569187),F0000003263,9960103,,臺北捷運七張站_G03,北捷七張站_G03,201904,新北市新店區北新路二段150號,02-218-12345,TM2
Point (304788.58399999979883432 2763328.64000000059604645),F0000003164,9960103,,臺北捷運七張站-出入口2,北捷七張站-出入口2,201904,新北市新店區北新路二段、鄰近明德路口、近新店郵局,,TM2
Point (304684.49600000027567148 2763916.15399999916553497),F0000003165,9960103,,臺北捷運大坪林站-出入口2,北捷大坪林站-出入口2,202201,新北市新店區北新路三段142巷口,,TM2
Point (304825.303999999538064 2763977.31900000013411045),F0000016527,9960103,,臺北捷運大坪林站-出入口5,北捷大坪林站-出入口5,202201,新北市新店區中興路三段與民權路路口西南隅,,TM2
Point (304619.13499999977648258 2763980.34799999929964542),F0000003166,9960103,,臺北捷運大坪林站-出入口1,北捷大坪林站-出入口1,201904,新北市新店區民權路27號、北新路三段與民權路路口,,TM2
Point (304651.4330000001937151 2763995.41799999959766865),F0000016532,9960103,,臺北捷運大坪林站_G04,北捷大坪林站_G04,202405,新北市新店區北新路三段190號,02-218-12345,TM2
Point (304652.39080000016838312 2763995.52820000052452087),F0000019324,9960103,,新北捷運大坪林站_Y07,新北捷大坪林站_Y07,202405,新北市新店區北新路三段190號,,TM2
Point (304677.57600000035017729 2764021.38900000043213367),F0000007658,9960103,,臺北捷運大坪林站-出入口3,北捷大坪林站-出入口3,201904,新北市新店區北新路三段190號、北新路三段與民權路路口、鄰近消防署,,TM2
Point (304670.48400000017136335 2764068.69700000062584877),F0000007654,9960103,,臺北捷運大坪林站-出入口4,北捷大坪林站-出入口4,202201,新北市新店區北新路三段200號、鄰近景美橋,,TM2
Point (303300.19900000002235174 2764128.58699999935925007),F0000016553,9960103,,新北捷運十四張站-出入口,新北捷十四張站-出入口,202405,新北市新店區溪園路與民權路東南隅,,TM2
Point (303261.95000000018626451 2764159.34100000001490116),F0000016556,9960103,,新北捷運十四張站_Y08,新北捷十四張站_Y08,202405,新北市新店區民權路282號,02-218-12345,TM2
Point (295326.47099999990314245 2764231.68799999915063381),F0000003167,9960103,,臺北捷運海山站-出入口2,北捷海山站-出入口2,202201,新北市土城區海山路、新北高工運動場旁,,TM2
Point (295291.68099999986588955 2764235.45700000040233135),F0000003168,9960103,,臺北捷運海山站-出入口1,北捷海山站-出入口1,201904,新北市土城區海山路、樂利國小旁,,TM2
Point (295310.05599999986588955 2764268.54499999992549419),F0000003237,9960103,,臺北捷運海山站_BL04,北捷海山站_BL04,201904,新北市土城區海山路39號B2,02-218-12345,TM2
Point (295348.79499999992549419 2764324.75300000049173832),F0000003169,9960103,,臺北捷運海山站-出入口3,北捷海山站-出入口3,201904,新北市土城區裕民路92巷22弄3號,,TM2
Point (301479.5669999998062849 2764729.89000000059604645),F0000003170,9960103,,臺北捷運南勢角站-出入口4,北捷南勢角站-出入口4,201904,新北市中和區捷運路6號、近興南路一段,,TM2
Point (301384.98199999984353781 2764765.53199999965727329),F0000003257,9960103,,臺北捷運南勢角站_O01,北捷南勢角站_O01,202201,新北市中和區捷運路6號,02-218-12345,TM2
Point (301373.79200000036507845 2764782.51400000043213367),F0000003171,9960103,,臺北捷運南勢角站-出入口3,北捷南勢角站-出入口3,202201,新北市中和區捷運路16號,,TM2
Point (301342.32299999985843897 2764797.15899999998509884),F0000003172,9960103,,臺北捷運南勢角站-出入口2,北捷南勢角站-出入口2,202201,新北市中和區捷運路22號,,TM2
Point (302998.41000000014901161 2764809.05199999921023846),F0000016624,9960103,,新北捷運秀朗橋站_Y09,新北捷秀朗橋站_Y09,202405,新北市中和區景平路2號,02-218-12345,TM2
Point (303028.16000000014901161 2764832.72599999979138374),F0000016630,9960103,,新北捷運秀朗橋站-出入口1,新北捷秀朗橋站-出入口1,202405,新北市中和區成功路與景平路東南隅,,TM2
Point (302954.18099999986588955 2764840.49499999918043613),F0000016634,9960103,,新北捷運秀朗橋站-出入口2,新北捷秀朗橋站-出入口2,202405,新北市中和區景平路2號,,TM2
Point (301259.1780000003054738 2764841.78600000031292439),F0000011654,9960103,,臺北捷運南勢角站-出入口1,北捷南勢角站-出入口1,202201,新北市中和區捷運路52號、近南山路399巷,,TM2
Point (302110.7900000000372529 2764985.50400000065565109),F0000016653,9960103,,新北捷運景平站-出入口,新北捷景平站-出入口,202405,新北市中和區景平路121號,,TM2
Point (302113.42700000014156103 2765006.23799999989569187),F0000016655,9960103,,新北捷運景平站_Y10,新北捷景平站_Y10,202405,新北市中和區景平路121號,02-218-12345,TM2
Point (301050.31900000013411045 2765140.67100000008940697),F0000012493,9960103,,新北捷運景安站_Y11,新北捷景安站_Y11,202405,,,TM2
Point (300982.49600000027567148 2765179.24599999934434891),F0000016681,9960103,,臺北捷運景安站_O02,北捷景安站_O02,202405,新北市中和區景平路486號,02-218-12345,TM2
Point (300958.68800000008195639 2765189.65300000086426735),F0000003174,9960103,,臺北捷運景安站-出入口,北捷景安站-出入口,201904,新北市中和區景平路486號、近景平路、景安路口,,TM2
Point (295660.95100000035017729 2765656.30299999937415123),F0000003175,9960103,,臺北捷運亞東醫院站-出入口2,北捷亞東醫院站-出入口2,201904,新北市板橋區南雅南路二段122號,,TM2
Point (295682.11400000005960464 2765686.06299999915063381),F0000003238,9960103,,臺北捷運亞東醫院站_BL05,北捷亞東醫院站_BL05,201904,新北市板橋區南雅南路二段17號B1,02-218-12345,TM2
Point (295715.06400000024586916 2765715.50899999961256981),F0000003176,9960103,,臺北捷運亞東醫院站-出入口3,北捷亞東醫院站-出入口3,202201,新北市板橋區南雅南路二段、高爾富路口,,TM2
Point (295680.04999999981373549 2765723.14900000020861626),F0000003177,9960103,,臺北捷運亞東醫院站-出入口1,北捷亞東醫院站-出入口1,201904,新北市板橋區南雅南路二段120號,,TM2
Point (300071.2099999999627471 2766120.71399999968707561),F0000016784,9960103,,新北捷運中和站-出入口,新北捷中和站-出入口,202405,新北市中和區中山路二段與景平路西南隅,,TM2
Point (301581.02199999988079071 2766129.00300000049173832),F0000003178,9960103,,臺北捷運永安市場站-出入口,北捷永安市場站-出入口,201904,新北市中和區中和路388號,,TM2
Point (300071.35400000028312206 2766129.15499999932944775),F0000016785,9960103,,新北捷運中和站_Y12,新北捷中和站_Y12,202405,新北市中和區中山路二段271號,02-218-12345,TM2
Point (301559.58700000029057264 2766141.178999999538064),F0000003259,9960103,,臺北捷運永安市場站_O03,北捷永安市場站_O03,201904,新北市中和區中和路388號,02-218-12345,TM2
Point (299501.2630000002682209 2766342.49100000038743019),F0000016812,9960103,,新北捷運橋和站_Y13,新北捷橋和站_Y13,202405,新北市中和區板南路430號,02-218-12345,TM2
Point (299493.49799999967217445 2766398.35799999907612801),F0000016816,9960103,,新北捷運橋和站-出入口,新北捷橋和站-出入口,202405,新北市中和區板南路430號,,TM2
Point (298898.348000000230968 2766760.24400000087916851),F0000016846,9960103,,新北捷運中原站_Y14,新北捷中原站_Y14,202405,新北市中和區板南路510號,02-218-12345,TM2
Point (296330.41700000036507845 2766785.82599999941885471),F0000003179,9960103,,臺北捷運府中站-出入口1,北捷府中站-出入口1,202201,新北市板橋區縣民大道一段193號、近板橋農會,,TM2
Point (298867.82899999991059303 2766794.73299999907612801),F0000016854,9960103,,新北捷運中原站-出入口,新北捷中原站-出入口,202405,新北市中和區板南路510號,,TM2
Point (296344.02799999993294477 2766818.66999999992549419),F0000003239,9960103,,臺北捷運府中站_BL06,北捷府中站_BL06,201904,新北市板橋區縣民大道一段193號B1,02-218-12345,TM2
Point (296370.32899999991059303 2766848.69899999909102917),F0000003180,9960103,,臺北捷運府中站-出入口2,北捷府中站-出入口2,202201,新北市板橋區縣民大道、府中路口,,TM2
Point (296324.40799999982118607 2766868.44099999964237213),F0000003181,9960103,,臺北捷運府中站-出入口3,北捷府中站-出入口3,202201,新北市板橋區府中路30號、近板橋區公所,,TM2
Point (302019.90500000026077032 2767283.21299999952316284),F0000003182,9960103,,臺北捷運頂溪站-出入口1,北捷頂溪站-出入口1,201904,新北市永和區永和路二段168號,,TM2
Point (296676.19799999985843897 2767319.13299999944865704),F0000003183,9960103,,臺北捷運板橋站-出入口2,北捷板橋站-出入口2,202201,新北市板橋區縣民大道、新府路口、板橋公車站旁,,TM2
Point (296638.00299999956041574 2767334.59999999962747097),F0000003240,9960103,,臺北捷運板橋站_BL07,北捷板橋站_BL07,201904,新北市板橋區站前路5號B1,02-218-12345,TM2
Point (296609.39499999955296516 2767337.99499999918043613),F0000003184,9960103,,臺北捷運板橋站-出入口1,北捷板橋站-出入口1,202201,新北市板橋區站前路、新府路口、新板萬坪都會公園旁,,TM2
Point (302020.52099999971687794 2767363.51099999994039536),F0000003260,9960103,,臺北捷運頂溪站_O04,北捷頂溪站_O04,202201,新北市永和區永和路二段168號B1,02-218-12345,TM2
Point (302015.92700000014156103 2767449.06599999964237213),F0000003185,9960103,,臺北捷運頂溪站-出入口2,北捷頂溪站-出入口2,201904,新北市永和區永和路二段233號,,TM2
Point (297667.60500000044703484 2767452.41499999910593033),F0000016931,9960103,,新北捷運板新站-出入口,新北捷板新站-出入口,202405,新北市板橋區板新路109號,,TM2
Point (296696.10800000000745058 2767467.67300000041723251),F0000003186,9960103,,臺北捷運板橋站-出入口3,北捷板橋站-出入口3,201904,新北市板橋區站前路5號、板橋火車站對面,,TM2
Point (297680.82299999985843897 2767468.41899999976158142),F0000016934,9960103,,新北捷運板新站_Y15,新北捷板新站_Y15,202405,新北市板橋區板新路109號,02-218-12345,TM2
Point (296892.46100000012665987 2767538.97800000011920929),F0000012498,9960103,,新北捷運板橋站_Y16,新北捷板橋站_Y16,202405,,,TM2
Point (291473.70399999991059303 2768169.39100000075995922),F0000001104,9960103,,臺北捷運迴龍站-出入口2,北捷迴龍站-出入口2,201904,新北市新莊區中正路、近中正路929巷,,TM2
Point (291510.01599999982863665 2768263.72599999979138374),F0000001118,9960103,,臺北捷運迴龍站-出入口1,北捷迴龍站-出入口1,201904,新北市新莊區中正路758號、近樂生療養院,,TM2
Point (291588.95000000018626451 2768282.17200000025331974),F0000016994,9960103,,臺北捷運迴龍站_O21,北捷迴龍站_O21,202201,新北市新莊區中正路758號B1,02-218-12345,TM2
Point (291626.62200000043958426 2768329.75599999912083149),F0000001131,9960103,,臺北捷運迴龍站-出入口3,北捷迴龍站-出入口3,201904,新北市新莊區中正路、近中正路746巷,,TM2
Point (297245.11500000022351742 2768331.49899999983608723),F0000003187,9960103,,臺北捷運新埔站-出入口2,北捷新埔站-出入口2,201904,新北市板橋區民生路二段251號,,TM2
Point (297286.03799999970942736 2768406.44999999925494194),F0000003188,9960103,,臺北捷運新埔站-出入口3,北捷新埔站-出入口3,201904,新北市板橋區民生路二段234巷口,,TM2
Point (297186.62299999967217445 2768416.90300000086426735),F0000003189,9960103,,臺北捷運新埔站-出入口1,北捷新埔站-出入口1,201904,新北市板橋區民生路三段15號、新埔市場旁,,TM2
Point (297247.08399999979883432 2768436.97499999962747097),F0000003241,9960103,,臺北捷運新埔站_BL08,北捷新埔站_BL08,201904,新北市板橋區民生路三段2號B1,02-218-12345,TM2
Point (297308.09499999973922968 2768465.73900000005960464),F0000010329,9960103,,臺北捷運新埔站-出入口4,北捷新埔站-出入口4,201904,新北市板橋區文化路一段360號,,TM2
Point (297248.74799999967217445 2768536.92799999937415123),F0000003191,9960103,,臺北捷運新埔站-出入口5,北捷新埔站-出入口5,201904,新北市板橋區民生路三段6號,,TM2
Point (297100.61899999994784594 2768740.77700000070035458),F0000017021,9960103,,新北捷運新埔民生站_Y17,新北捷新埔民生站_Y17,202405,新北市板橋區民生路三段70號,02-218-12345,TM2
Point (297123.28199999965727329 2768744.26400000043213367),F0000017022,9960103,,新北捷運新埔民生站-出入口,新北捷新埔民生站-出入口,202405,新北市板橋區民生路三段70號,,TM2
Point (292650.02599999960511923 2769019.95700000040233135),F0000001228,9960103,,臺北捷運丹鳳站-出入口2,北捷丹鳳站-出入口2,201904,新北市新莊區中正路、近民安路口,,TM2
Point (292642.22800000011920929 2769045.97499999962747097),F0000001231,9960103,,臺北捷運丹鳳站_O20,北捷丹鳳站_O20,202201,新北市新莊區中正路624之1號B1,02-218-12345,TM2
Point (292624.97200000006705523 2769057.80499999970197678),F0000001233,9960103,,臺北捷運丹鳳站-出入口1,北捷丹鳳站-出入口1,201904,新北市新莊區中正路624之1號,,TM2
Point (297660.64199999999254942 2769132.56000000052154064),F0000003192,9960103,,臺北捷運江子翠站-出入口3,北捷江子翠站-出入口3,201904,新北市板橋區文化路二段296號,,TM2
Point (297705.13999999966472387 2769155.63299999944865704),F0000003193,9960103,,臺北捷運江子翠站-出入口4,北捷江子翠站-出入口4,201904,新北市板橋區雙十路二段178號、近松柏街,,TM2
Point (297629.04399999976158142 2769163.34999999962747097),F0000003194,9960103,,臺北捷運江子翠站-出入口2,北捷江子翠站-出入口2,201904,新北市板橋區文化路二段313號,,TM2
Point (297629.06400000024586916 2769211.71199999935925007),F0000003195,9960103,,臺北捷運江子翠站-出入口1,北捷江子翠站-出入口1,201904,新北市板橋區雙十路三段10巷口、近板橋農村公園,,TM2
Point (297703.47900000028312206 2769228.42300000041723251),F0000003242,9960103,,臺北捷運江子翠站_BL09,北捷江子翠站_BL09,202201,新北市板橋區文化路二段296號B1,02-218-12345,TM2
Point (297776.09399999957531691 2769285.65300000086426735),F0000003196,9960103,,臺北捷運江子翠站-出入口5,北捷江子翠站-出入口5,201904,新北市板橋區文化路二段384號、近仁化街口,,TM2
Point (297740.67499999981373549 2769309.43999999947845936),F0000003197,9960103,,臺北捷運江子翠站-出入口6,北捷江子翠站-出入口6,201904,新北市板橋區文化路二段383巷口、近江翠國小,,TM2
Point (293923.76400000043213367 2769426.65000000037252903),F0000007671,9960103,,臺北捷運輔大站-出入口2,北捷輔大站-出入口2,201904,新北市新莊區福營路、近建國一路、福營派出所,,TM2
Point (293924.83800000045448542 2769450.76999999955296516),F0000011812,9960103,,臺北捷運輔大站_O19,北捷輔大站_O19,201904,新北市新莊區中正路510之1號B1,02-218-12345,TM2
Point (294059.05900000035762787 2769466.97299999929964542),F0000003198,9960103,,臺北捷運輔大站-出入口3,北捷輔大站-出入口3,201904,新北市新莊區中正路、中油加油站對面,,TM2
Point (293898.34599999990314245 2769485.24899999983608723),F0000003199,9960103,,臺北捷運輔大站-出入口1,北捷輔大站-出入口1,202201,新北市新莊區中正路510之1號、近輔大校門,,TM2
Point (292656.53899999987334013 2769518.06100000068545341),F0000001263,9960103,,桃園機場捷運泰山貴和站_A6,機捷泰山貴和站_A6,202205,新北市泰山區新北大道六段460號,(03)286-8789,TM2
Point (294056.72699999995529652 2769525.86299999989569187),F0000007836,9960103,,臺北捷運輔大站-出入口4,北捷輔大站-出入口4,201904,新北市新莊區中正路、中油加油站旁,,TM2
Point (292626.28799999970942736 2769551.78700000047683716),F0000008932,9960103,,桃園機場捷運泰山貴和站-出入口1,機捷泰山貴和站-出入口1,202205,新北市泰山區新北大道六段460號,,TM2
Point (295666.45700000040233135 2769843.10500000044703484),F0000003200,9960103,,臺北捷運新莊站-出入口2,北捷新莊站-出入口2,202201,新北市新莊區中正路、近新莊國中校門旁,,TM2
Point (295661.74899999983608723 2769858.75),F0000003244,9960103,,臺北捷運新莊站_O18,北捷新莊站_O18,201904,新北市新莊區中正路138號B1,02-218-12345,TM2
Point (295658.696000000461936 2769875.65200000070035458),F0000003201,9960103,,臺北捷運新莊站-出入口1,北捷新莊站-出入口1,201904,新北市新莊區中正路138號、近中華路一段、衛生所旁,,TM2
Point (296511.24799999967217445 2770183.06000000052154064),F0000003202,9960103,,臺北捷運頭前庄站-出入口2,北捷頭前庄站-出入口2,202201,新北市新莊區中正路81巷口、近大漢橋,,TM2
Point (296463.11299999989569187 2770235.02400000020861626),F0000017089,9960103,,新北捷運頭前庄站_Y18,新北捷頭前庄站_Y18,202405,新北市新莊區思源路18號B1、思源路20號,02-218-12345,TM2
Point (296498.85500000044703484 2770239.57799999974668026),F0000003203,9960103,,臺北捷運頭前庄站-出入口1,北捷頭前庄站-出入口1,201904,新北市新莊區思源路20號、近中正路口,,TM2
Point (296493.71779999975115061 2770240.77700000070035458),F0000019325,9960103,,臺北捷運頭前庄站_O17,北捷頭前庄站_O17,202405,新北市新莊區思源路18號B1、思源路20號,,TM2
Point (296624.848000000230968 2770259.29399999976158142),F0000003204,9960103,,臺北捷運頭前庄站-出入口3,北捷頭前庄站-出入口3,201904,新北市新莊區中正路、近中正路61巷,,TM2
Point (296652.0400000000372529 2770323.29600000008940697),F0000003205,9960103,,臺北捷運頭前庄站-出入口4,北捷頭前庄站-出入口4,201904,新北市新莊區中正路、近中正路56巷,,TM2
Point (297551.92700000014156103 2770964.80499999970197678),F0000003206,9960103,,臺北捷運先嗇宮站-出入口2,北捷先嗇宮站-出入口2,201904,新北市三重區重新路五段、近中興南街,,TM2
Point (297600.37399999983608723 2770981.85099999979138374),F0000003207,9960103,,臺北捷運先嗇宮站-出入口3,北捷先嗇宮站-出入口3,202201,新北市三重區重新路五段、近光復路一段路口,,TM2
Point (297568.91000000014901161 2770991.9609999991953373),F0000003246,9960103,,臺北捷運先嗇宮站_O16,北捷先嗇宮站_O16,201904,新北市三重區重新路五段515號B1,02-218-12345,TM2
Point (297567.86600000038743019 2771015.4159999992698431),F0000007555,9960103,,臺北捷運先嗇宮站-出入口1,北捷先嗇宮站-出入口1,201904,新北市三重區重新路五段515號、近光復路一段,,TM2
Point (296445.29100000020116568 2771369.89100000075995922),F0000017141,9960103,,新北捷運幸福站-出入口2,新北捷幸福站-出入口2,202405,新北市新莊區思源路與幸福東路交叉口,,TM2
Point (296412.92100000008940697 2771394.52400000020861626),F0000017142,9960103,,新北捷運幸福站_Y19,新北捷幸福站_Y19,202405,新北市新莊區思源路292號,02-218-12345,TM2
Point (296435.51400000043213367 2771404.89699999988079071),F0000017144,9960103,,新北捷運幸福站-出入口1,新北捷幸福站-出入口1,202405,新北市新莊區思源路與思源路296巷交叉口,,TM2
Point (294369.60900000017136335 2771684.28399999998509884),F0000009205,9960103,,桃園機場捷運泰山站--出入口3,機捷泰山站-出入口3,202205,新北市泰山區新北大道四段431號,,TM2
Point (294368.97499999962747097 2771706.51099999994039536),F0000009206,9960103,,桃園機場捷運泰山站-出入口1,機捷泰山站-出入口1,202205,新北市泰山區新北大道四段431號,,TM2
Point (294399.56099999975413084 2771716.94500000029802322),F0000009207,9960103,,桃園機場捷運泰山站-出入口2,機捷泰山站-出入口2,202205,新北市泰山區新北大道四段431號,,TM2
Point (294343.50700000021606684 2771741.11800000071525574),F0000003208,9960103,,桃園機場捷運泰山站_A5,機捷泰山站_A5,202205,新北市泰山區新北大道四段431號,(03)286-8789,TM2
Point (298713.5580000001937151 2771922.60099999979138374),F0000008677,9960103,,桃園機場捷運三重站_A2,機捷三重站_A2,202205,新北市三重區捷運路36號,(03)286-8789,TM2
Point (298694.94900000002235174 2771946.20800000056624413),F0000008927,9960103,,桃園機場捷運三重站-出入口1A,機捷三重站-出入口A,202205,新北市三重區大臺北都會公園近站體旁跨堤路橋中端,,TM2
Point (298740.90099999960511923 2771982.6659999992698431),F0000008926,9960103,,桃園機場捷運三重站-出入口1,機捷三重站-出入口1,202205,新北市三重區捷運路36號,,TM2
Point (298750.68699999991804361 2771985.17200000025331974),F0000003210,9960103,,臺北捷運三重站-出入口1,北捷三重站-出入口1,201904,新北市三重區捷運路36號、近疏洪東路一段及桃園機場捷運三重站,,TM2
Point (298885.42599999997764826 2772014.37600000016391277),F0000003211,9960103,,臺北捷運三重站-出入口2,北捷三重站-出入口2,202201,新北市三重區捷運路、近捷運路22巷口,,TM2
Point (298834.803999999538064 2772037.26500000059604645),F0000003247,9960103,,臺北捷運三重站_O15,北捷三重站_O15,201904,新北市三重區捷運路36號B1,02-218-12345,TM2
Point (298927.61600000038743019 2772078.40599999949336052),F0000003212,9960103,,臺北捷運三重站-出入口3,北捷三重站-出入口3,201904,新北市三重區捷運路、近捷運路19巷口,,TM2
Point (295066.11299999989569187 2772385.15300000086426735),F0000008931,9960103,,桃園機場捷運新莊副都心站-出入口2,機捷新莊副都心站-出入口2,202205,新北市新莊區新北大道四段近中信街交叉口西南面,,TM2
Point (294985.43699999991804361 2772416.18200000002980232),F0000003213,9960103,,桃園機場捷運新莊副都心站_A4,機捷新莊副都心站_A4,202205,新北市新莊區新北大道四段188號,(03)286-8789,TM2
Point (299543.20899999979883432 2772432.98299999907612801),F0000003214,9960103,,臺北捷運菜寮站-出入口2,北捷菜寮站-出入口2,202201,新北市三重區重新路三段150號、近光明路,,TM2
Point (295020.66700000036507845 2772438.84400000050663948),F0000008930,9960103,,桃園機場捷運新莊副都心站-出入口1,機捷新莊副都心站-出入口1,202205,新北市新莊區新北大道四段188號,,TM2
Point (299510.24500000011175871 2772477.27099999971687794),F0000003215,9960103,,臺北捷運菜寮站-出入口1,北捷菜寮站-出入口1,202201,新北市三重區重新路三段115巷旁、近三重簡易庭,,TM2
Point (299589.8880000002682209 2772498.28299999982118607),F0000003248,9960103,,臺北捷運菜寮站_O14,北捷菜寮站_O14,201904,新北市三重區重新路三段150號B1,02-218-12345,TM2
Point (299640.34100000001490116 2772565.59600000083446503),F0000003216,9960103,,臺北捷運菜寮站-出入口3,北捷菜寮站-出入口3,202201,新北市三重區重新路三段150號、近新北大道一段,,TM2
Point (296393.49399999994784594 2772603.63199999928474426),F0000017240,9960103,,新北捷運新北產業園區站_Y20,新北捷新北產業園區站_Y20,202405,新北市新莊區五工路35號,02-218-12345,TM2
Point (296357.71700000017881393 2772665.92799999937415123),F0000017252,9960103,,桃園機場捷運新北產業園區站-出入口2,機捷新北產業園區站-出入口2,202205,新北市新莊區3F連通層東南角(往捷運環狀線),,TM2
Point (296356.35900000017136335 2772670.69099999964237213),F0000008928,9960103,,桃園機場捷運新北產業園區站-出入口1,機捷新北產業園區站-出入口1,202205,新北市新莊區五工路37號,,TM2
Point (296300.45100000035017729 2772689.30499999970197678),F0000008679,9960103,,桃園機場捷運新北產業園區站_A3,機捷新北產業園區站_A3,202205,新北市新莊區五工路37號,(03)286-8789,TM2
Point (300472.25100000016391277 2772837.75),F0000003218,9960103,,臺北捷運台北橋站-出入口,北捷台北橋站-出入口,202201,新北市三重區重新路一段108號,,TM2
Point (300465.41000000014901161 2772856.32699999958276749),F0000003249,9960103,,臺北捷運台北橋站_O13,北捷台北橋站_O13,202201,新北市三重區重新路一段108號B1,02-218-12345,TM2
Point (286469.1380000002682209 2773113.85600000061094761),F0000012470,9960103,,桃園機場捷運林口站_A9,機捷林口站_A9,202205,新北市林口區八德路290號,(03)286-8789,TM2
Point (286465.37000000011175871 2773133.66200000047683716),F0000008933,9960103,,桃園機場捷運林口站-出入口1,機捷林口站-出入口1,202205,新北市林口區文化三路與八德路交叉口西北面,,TM2
Point (286459.63100000005215406 2773147.0840000007301569),F0000008934,9960103,,桃園機場捷運林口站-出入口2,機捷林口站-出入口2,202205,新北市林口區文化三路與八德路交叉口西北面,,TM2
Point (300100.20199999958276749 2773677.99799999967217445),F0000003253,9960103,,臺北捷運三重國小站_O50,北捷三重國小站_O50,202201,新北市三重區三和路三段5號B1,02-218-12345,TM2
Point (300117.18099999986588955 2773695.81299999915063381),F0000003219,9960103,,臺北捷運三重國小站-出入口,北捷三重國小站-出入口,202201,新北市三重區三和路三段、仁愛街口，近三重國小,,TM2
Point (299057.96399999968707561 2774353.0859999991953373),F0000003220,9960103,,臺北捷運三和國中站-出入口1,北捷三和國中站-出入口1,201904,新北市三重區三和路四段218巷口，近三和國中正門,,TM2
Point (299075.28199999965727329 2774371.13099999912083149),F0000008490,9960103,,臺北捷運三和國中站_O51,北捷三和國中站_O51,202201,新北市三重區三和路四段107號B1,02-218-12345,TM2
Point (299087.84999999962747097 2774397.25100000016391277),F0000003221,9960103,,臺北捷運三和國中站-出入口2,北捷三和國中站-出入口2,201904,新北市三重區三和路四段107號,,TM2
Point (298404.09700000006705523 2774761.99799999967217445),F0000003222,9960103,,臺北捷運徐匯中學站-出入口1,北捷徐匯中學站-出入口1,201904,新北市蘆洲區中山一路3號，近徐匯中學,,TM2
Point (298439.61000000033527613 2774764.75500000081956387),F0000003252,9960103,,臺北捷運徐匯中學站_O52,北捷徐匯中學站_O52,202001,新北市蘆洲區中山一路3號B1,02-218-12345,TM2
Point (298474.59100000001490116 2774774.47499999962747097),F0000003223,9960103,,臺北捷運徐匯中學站-出入口2,北捷徐匯中學站-出入口2,201904,新北市蘆洲區三和路四段、永安北路口,,TM2
Point (297726.62200000043958426 2775346.75599999912083149),F0000003251,9960103,,臺北捷運三民高中站_O53,北捷三民高中站_O53,201904,新北市蘆洲區三民路105號B1,02-218-12345,TM2
Point (297675.45100000035017729 2775348.76700000092387199),F0000003224,9960103,,臺北捷運三民高中站-出入口1,北捷三民高中站-出入口1,202201,新北市蘆洲區三民路、復興路口，近三民停車場,,TM2
Point (297773.78699999954551458 2775350.61500000022351742),F0000003225,9960103,,臺北捷運三民高中站-出入口2,北捷三民高中站-出入口2,201904,新北市蘆洲區三民路、復興路口，近三民高中,,TM2
Point (296878.87999999988824129 2775973.15000000037252903),F0000003226,9960103,,臺北捷運蘆洲站-出入口1,北捷蘆洲站-出入口1,201904,新北市蘆洲區三民路386號，近中正路口,,TM2
Point (296864.71200000029057264 2775997.47699999995529652),F0000017495,9960103,,臺北捷運蘆洲站_O54,北捷蘆洲站_O54,202201,新北市蘆洲區三民路386號B1,02-218-12345,TM2
Point (296891.90500000026077032 2776013.26899999938905239),F0000003227,9960103,,臺北捷運蘆洲站-出入口2,北捷蘆洲站-出入口2,201904,新北市蘆洲區捷運廣場,,TM2
Point (296826.20199999958276749 2776033.0840000007301569),F0000003228,9960103,,臺北捷運蘆洲站-出入口3,北捷蘆洲站-出入口3,202201,新北市蘆洲區三民路、中正路口，近中正路側,,TM2
Point (296328.38599999994039536 2780969.41200000047683716),F0000003229,9960103,,臺北捷運竹圍站-出入口2,北捷竹圍站-出入口2,202201,新北市淡水區民權一街16號,,TM2
Point (296331.18200000002980232 2781005.67200000025331974),F0000003256,9960103,,臺北捷運竹圍站_R26,北捷竹圍站_R26,202201,新北市淡水區民權路50號,02-218-12345,TM2
Point (296352.96999999973922968 2781029.53600000031292439),F0000003230,9960103,,臺北捷運竹圍站-出入口1,北捷竹圍站-出入口1,202201,新北市淡水區民權路與民族路交叉口、近馬偕醫院,,TM2
Point (296246.08399999979883432 2782838.60700000077486038),F0000011885,9960103,,臺北捷運紅樹林站-出入口2,北捷紅樹林站-出入口2,201904,新北市淡水區自行車步道紅樹林段、近紅樹林教育館,,TM2
Point (296255.76900000032037497 2782956.21399999968707561),F0000003255,9960103,,臺北捷運紅樹林站_R27,北捷紅樹林站_R27,201904,新北市淡水區中正東路二段68號,02-218-12345,TM2
Point (296274.39699999988079071 2782966.35999999940395355),F0000003232,9960103,,臺北捷運紅樹林站-出入口1,北捷紅樹林站-出入口1,202201,新北市淡水區中正東路二段68號、近淡海輕軌紅樹林站,,TM2
Point (294932.11000000033527613 2784400.27300000004470348),F0000017541,9960103,,臺北捷運淡水站-出入口3,北捷淡水站-出入口3,202201,新北市淡水區近金色水岸,,TM2
Point (294938.03500000014901161 2784430.25699999928474426),F0000003233,9960103,,臺北捷運淡水站-出入口2,北捷淡水站-出入口2,201904,新北市淡水區中正東路、近學府路,,TM2
Point (294900.10699999984353781 2784446.49300000071525574),F0000003254,9960103,,臺北捷運淡水站_R28,北捷淡水站_R28,201904,新北市淡水區中正路1號,02-218-12345,TM2
Point (294893.91299999970942736 2784493.18899999931454659),F0000003234,9960103,,臺北捷運淡水站-出入口1,北捷淡水站-出入口1,201904,新北市淡水區中正東路、近英專路,,TM2
Point (272166.02060000039637089 2761179.23409999907016754),H0000010881,9960103,,桃園機場捷運老街溪站-出入口1,機捷老街溪站-出入口1,202308,桃園市中壢區中央西路與中豐北路交叉路口,,TM2
Point (272167.22879999969154596 2761186.08049999922513962),H0000010883,9960103,,桃園機場捷運老街溪站_A22,機捷老街溪站_A22,202308,桃園市中壢區中豐路289號,(03)286-8789,TM2
Point (272146.28679999988526106 2761313.74640000052750111),H0000010879,9960103,,桃園機場捷運老街溪站-出入口2,機捷老街溪站-出入口2,202308,桃園市中壢區中豐北路上,,TM2
Point (272328.42999999970197678 2762155.65899999998509884),H0000005101,9960103,,桃園機場捷運環北站-出入口1,機捷環北站1-出入口1,202205,桃園市中壢區中豐北路一段與環北路交叉口之西北面,,TM2
Point (272326.723000000230968 2762168.47800000011920929),H0000007684,9960103,,桃園機場捷運環北站_A21,機捷環北站_A21,202205,桃園市中壢區中豐北路一段26號,(03)286-8789,TM2
Point (271843.9599999999627471 2763592.66899999976158142),H0000009564,9960103,,桃園機場捷運興南站_A20,機捷興南站_A20,202205,桃園市中壢區中豐北路一段685號,(03)286-8789,TM2
Point (271801.1830000001937151 2763604.02199999988079071),H0000005100,9960103,,桃園機場捷運興南站-出入口1,機捷興南站-出入口1,202205,桃園市中壢區中豐北路一段南面,,TM2
Point (270540.93800000008195639 2766012.2630000002682209),H0000007433,9960103,,桃園機場捷運桃園體育園區站_A19,機捷桃園體育園區站_A19,202205,桃園市中壢區高鐵南路二段350號,(03)286-8789,TM2
Point (270523.76099999994039536 2766027.75799999944865704),H0000005099,9960103,,桃園機場捷運桃園體育園區站-出入口1,機捷桃園體育園區站-出入口1,202205,桃園市中壢區高鐵南路二段西面,,TM2
Point (271611.71100000012665987 2767270.75300000049173832),H0000005097,9960103,,桃園機場捷運高鐵桃園站-出入口1,機捷高鐵桃園站-出入口1,202205,桃園市中壢區高鐵北路一段東面(高鐵桃園站),,TM2
Point (271606.01999999955296516 2767300.57499999925494194),H0000005014,9960103,,桃園機場捷運高鐵桃園站_A18,機捷高鐵桃園站_A18,202205,桃園市中壢區高鐵北路一段5號,(03)286-8789,TM2
Point (271576.66700000036507845 2767313.49699999950826168),H0000005098,9960103,,桃園機場捷運高鐵桃園站-出入口2,機捷高鐵桃園站-出入口2,202207,桃園市中壢區高鐵北路一段西面(華泰名品城),,TM2
Point (272338.13499999977648258 2768427.63199999928474426),H0000005096,9960103,,桃園機場捷運領航站-出入口1,機捷領航站-出入口1,202205,桃園市大園區領航北路四段北面,,TM2
Point (272328.1380000002682209 2768449.39299999922513962),H0000005015,9960103,,桃園機場捷運領航站_A17,機捷領航站_A17,202205,桃園市大園區領航北路四段351號,(03)286-8789,TM2
Point (271784.20000000018626451 2769837.02899999916553497),H0000009628,9960103,,桃園機場捷運橫山站_A16,機捷橫山站_A16,202205,桃園市大園區大竹南路1180號,(03)286-8789,TM2
Point (271742.848000000230968 2769886.02999999932944775),H0000007685,9960103,,桃園機場捷運橫山站-出入口1,機捷橫山站-出入口1,202205,桃園市大園區大竹南路北面,,TM2
Point (288862.40000000037252903 2770399.19999999925494194),H0000010596,9960103,,桃園機場捷運體育大學站_A7,機捷體育大學站_A7,202205,桃園市龜山區文化一路688號,(03)286-8789,TM2
Point (288915.90600000042468309 2770407.70099999941885471),H0000005105,9960103,,桃園機場捷運體育大學站-出入口2,機捷體育大學站-出入口2,202205,桃園市龜山區文化二路與青山路交叉口北面,,TM2
Point (288863.78299999982118607 2770420.84799999929964542),H0000005087,9960103,,桃園機場捷運體育大學站-出入口1,機捷體育大學站-出入口1,202205,桃園市龜山區文化一路與青山路交叉口南面,,TM2
Point (271230.38200000021606684 2772003.13299999944865704),H0000007686,9960103,,桃園機場捷運大園站_A15,機捷大園站_A15,202205,桃園市大園區橫湳一路50號,(03)286-8789,TM2
Point (271217.41600000020116568 2772031.80000000074505806),H0000005094,9960103,,桃園機場捷運大園站-出入口1,機捷大園站-出入口1,202205,桃園市大園區橫湳一路東面,,TM2
Point (287366.21899999957531691 2772528.37800000049173832),H0000005106,9960103,,桃園機場捷運長庚醫院站-出入口1,機捷長庚醫院站-出入口1,202205,桃園市龜山區文化一路與復興一路交叉口東南面,,TM2
Point (287380.1780000003054738 2772563.47699999995529652),H0000005019,9960103,,桃園機場捷運長庚醫院站_A8,機捷長庚醫院站_A8,202205,桃園市龜山區文化一路6號,(03)286-8789,TM2
Point (272287.50800000037997961 2773460.40599999949336052),H0000007687,9960103,,桃園機場捷運機場旅館站_A14a,機捷機場旅館站_A14a,202205,桃園市大園區航站南路1之2號,(03)286-8789,TM2
Point (272290.67999999970197678 2773467.50400000065565109),H0000005093,9960103,,桃園機場捷運機場旅館站-出入口1,機捷機場旅館站-出入口1,202205,桃園市大園區諾富特飯店西面,,TM2
Point (273439.81099999975413084 2774351.08200000040233135),H0000009692,9960103,,桃園機場捷運機場第二航廈站-出入口1,機捷機場第二航廈站-出入口1,202205,桃園市大園區機場第二航廈B一美食街東南面,,TM2
Point (273399.49500000011175871 2774391.8880000002682209),H0000009698,9960103,,桃園機場捷運機場第二航廈站_A13,機捷機場第二航廈站_A13,202205,桃園市大園區航站南路9之1號地下2層,(03)286-8789,TM2
Point (274036.92100000008940697 2774733.11099999956786633),H0000005022,9960103,,桃園機場捷運機場第一航廈站_A12,機捷機場第一航廈站_A12,202205,桃園市大園區航站南路17之1號地下1層,(03)286-8789,TM2
Point (278778.85599999967962503 2774750.64599999971687794),H0000005088,9960103,,桃園機場捷運山鼻站-出入口1,機捷山鼻站-出入口1,202205,桃園市蘆竹區南山路山鼻橋南面,,TM2
Point (278742.96899999957531691 2774751.84999999962747097),H0000010468,9960103,,桃園機場捷運山鼻站_A10,機捷山鼻站_A10,202205,桃園市蘆竹區南山路三段155號,(03)286-8789,TM2
Point (274110.14099999982863665 2774837.07699999958276749),H0000005091,9960103,,桃園機場捷運機場第一航廈站-出入口2,機捷機場第一航廈站-出入口2,202205,桃園市大園區機場第一航廈B一美食街,,TM2
Point (274127.33899999968707561 2774851.89399999938905239),H0000005090,9960103,,桃園機場捷運機場第一航廈站-出入口1,機捷機場第一航廈站-出入口1,202205,機場第一航廈1號停車場,,TM2
Point (276882.19500000029802322 2775368.32300000078976154),H0000005023,9960103,,桃園機場捷運坑口站_A11,機捷坑口站_A11,202205,桃園市蘆竹區坑?路460號,(03)286-8789,TM2
Point (276828.84999999962747097 2775390.30900000035762787),H0000005089,9960103,,桃園機場捷運坑口站-出入口1,機捷坑口站-出入口1,202205,桃園市蘆竹區坑?路西南面,,TM2
Point (309384.70969999954104424 2762480.36590000055730343),A0000000458,9960103,,貓空纜車貓空站,貓纜貓空站,202205,臺北市文山區指南里7鄰指南路三段38巷35號,(02)8661-8110,TM2
Point (309531.26970000006258488 2763573.70480000041425228),A0000007094,9960103,,貓空纜車指南宮站,貓纜指南宮站,202205,臺北市文山區指南路三段157巷200號,(02)8661-8110,TM2
Point (309293.18939999956637621 2764822.35439999960362911),A0000007092,9960103,,貓空纜車動物園南站,貓纜動物園南站,202205,臺北市文山區萬興里新光路二段30之2號,(02)8661-8110,TM2
Point (304588.71600000001490116 2765012.02500000037252903),A0000000557,9960103,,臺北捷運景美站-出入口1,北捷景美站-出入口1,201504,臺北市文山區羅斯福路六段401巷口、景美郵局旁,,TM2
Point (304592.23599999956786633 2765110.30299999937415123),A0000000737,9960103,,臺北捷運景美站_G05,北捷景美站_G05,202202,臺北市文山區羅斯福路六段216號,02-218-12345,TM2
Point (304571.14699999988079071 2765118.05599999986588955),A0000000459,9960103,,臺北捷運景美站-出入口3,北捷景美站-出入口3,201504,臺北市文山區羅斯福路六段218號與景福街交叉口、臺灣銀行旁,,TM2
Point (304670.97800000011920929 2765119.50300000049173832),A0000000558,9960103,,臺北捷運景美站-出入口2,北捷景美站-出入口2,202202,臺北市文山區景中街1號與景美街交叉口、文山二分局斜對面,,TM2
Point (308172.3139000004157424 2765454.08669999986886978),A0000000460,9960103,,貓空纜車動物園站,貓纜動物園站,202205,臺北市文山區萬興里新光路二段8號,(02)8661-8110,TM2
Point (308486.62799999956041574 2765678.64399999938905239),A0000000599,9960103,,臺北捷運動物園站-出入口2,北捷動物園站-出入口2,201504,臺北市文山區新光路二段(臨貓空纜車),,TM2
Point (307878.21899999957531691 2765697.17400000058114529),A0000000462,9960103,,臺北捷運木柵站-出入口,北捷木柵站-出入口,202202,臺北市文山區木柵路四段135號,,TM2
Point (307871.65500000026077032 2765702.90799999982118607),A0000000697,9960103,,臺北捷運木柵站_BR02,北捷木柵站_BR02,201808,臺北市文山區木柵路四段135號,02-218-12345,TM2
Point (308536.23500000033527613 2765709.29800000041723251),A0000000461,9960103,,臺北捷運動物園站-出入口1,北捷動物園站-出入口1,202202,臺北市文山區新光路二段(臨動物園),,TM2
Point (308497.24299999978393316 2765719.75599999912083149),A0000000732,9960103,,臺北捷運動物園站_BR01,北捷動物園站_BR01,202202,臺北市文山區新光路二段32號,02-218-12345,TM2
Point (307369.25100000016391277 2765744.0859999991953373),A0000000742,9960103,,臺北捷運萬芳社區站_BR03,北捷萬芳社區站_BR03,202202,臺北市文山區萬芳路60號,02-218-12345,TM2
Point (307366.43099999986588955 2765748.6640000008046627),A0000000463,9960103,,臺北捷運萬芳社區站-出入口,北捷萬芳社區站-出入口,202202,臺北市文山區萬芳路與萬和街交叉口,,TM2
Point (306304.8880000002682209 2765818.71700000017881393),A0000000464,9960103,,臺北捷運萬芳醫院站-出入口,北捷萬芳醫院站-出入口,201504,臺北市文山區興隆路三段113號,,TM2
Point (306323.2630000002682209 2765843.15399999916553497),A0000000743,9960103,,臺北捷運萬芳醫院站_BR04,北捷萬芳醫院站_BR04,202202,臺北市文山區興隆路三段113號,02-218-12345,TM2
Point (304450.33899999968707561 2766044.17300000041723251),A0000000555,9960103,,臺北捷運萬隆站-出入口2,北捷萬隆站-出入口2,202202,臺北市文山區羅斯福路五段245號,,TM2
Point (304397.16399999987334013 2766047.85899999924004078),A0000000556,9960103,,臺北捷運萬隆站-出入口1,北捷萬隆站-出入口1,202202,臺北市文山區羅斯福路五段238號,,TM2
Point (304408.45899999979883432 2766094.71800000034272671),A0000000744,9960103,,臺北捷運萬隆站_G06,北捷萬隆站_G06,202202,臺北市文山區羅斯福路五段214號,02-218-12345,TM2
Point (304416.99700000043958426 2766133.99300000071525574),A0000000554,9960103,,臺北捷運萬隆站-出入口3,北捷萬隆站-出入口3,201504,臺北市文山區羅斯福路五段215號,,TM2
Point (304359.83800000045448542 2766164.38700000010430813),A0000000465,9960103,,臺北捷運萬隆站-出入口4,北捷萬隆站-出入口4,201504,臺北市文山區羅斯福路五段214號,,TM2
Point (306208.63200000021606684 2766451.37199999950826168),A0000000711,9960103,,臺北捷運辛亥站_BR05,北捷辛亥站_BR05,201808,臺北市文山區辛亥路四段128號,02-218-12345,TM2
Point (306207.75800000037997961 2766457.45500000007450581),A0000000466,9960103,,臺北捷運辛亥站-出入口,北捷辛亥站-出入口,201504,臺北市文山區辛亥路四段128號,,TM2
Point (303932.58899999968707561 2767480.93899999931454659),A0000000522,9960103,,臺北捷運公館站-出入口1,北捷公館站-出入口1,201504,臺北市中正區羅斯福路四段74號,,TM2
Point (303977.06900000013411045 2767511.55499999970197678),A0000000551,9960103,,臺北捷運公館站-出入口2,北捷公館站-出入口2,201504,臺北市中正區羅斯福路四段舟山路口,,TM2
Point (303922.79399999976158142 2767524.49899999983608723),A0000000694,9960103,,臺北捷運公館站_G07,北捷公館站_G07,201808,臺北市中正區羅斯福路四段64之1號B1,02-218-12345,TM2
Point (303864.71399999968707561 2767559.50100000016391277),A0000000553,9960103,,臺北捷運公館站-出入口4,北捷公館站-出入口4,202202,臺北市中正區羅斯福路四段44號,,TM2
Point (303905.15000000037252903 2767587.51700000092387199),A0000000552,9960103,,臺北捷運公館站-出入口3,北捷公館站-出入口3,202202,臺北市中正區羅斯福路四段台灣大學,,TM2
Point (306403.32000000029802322 2767939.71800000034272671),A0000000753,9960103,,臺北捷運麟光站_BR06,北捷麟光站_BR06,202202,臺北市大安區和平東路三段410號,02-218-12345,TM2
Point (306396.41199999954551458 2767940.22000000067055225),A0000000467,9960103,,臺北捷運麟光站-出入口,北捷麟光站-出入口,202202,臺北市大安區和平東路三段410號,,TM2
Point (303362.69400000013411045 2768062.36099999956786633),A0000000550,9960103,,臺北捷運台電大樓站-出入口1,北捷台電大樓站-出入口1,201504,臺北市中正區辛亥路一段、羅斯福路三段142巷口,,TM2
Point (303391.3880000002682209 2768125.57799999974668026),A0000000549,9960103,,臺北捷運台電大樓站-出入口2,北捷台電大樓站-出入口2,202202,臺北市中正區羅斯福路三段與辛亥路一段交叉口、古亭國小旁,,TM2
Point (303317.33800000045448542 2768162.4869999997317791),A0000000703,9960103,,臺北捷運台電大樓站_G08,北捷台電大樓站_G08,202202,臺北市中正區羅斯福路三段126之5號B1,02-218-12345,TM2
Point (303269.66199999954551458 2768171.30900000035762787),A0000000523,9960103,,臺北捷運台電大樓站-出入口5,北捷台電大樓站-出入口5,201504,臺北市中正區羅斯福路三段126號,,TM2
Point (303228.86299999989569187 2768214.79900000058114529),A0000000547,9960103,,臺北捷運台電大樓站-出入口4,北捷台電大樓站-出入口4,201504,臺北市中正區羅斯福路三段100號、師大路130巷口,,TM2
Point (303277.05999999959021807 2768233.85300000011920929),A0000000548,9960103,,臺北捷運台電大樓站-出入口3,北捷台電大樓站-出入口3,201504,臺北市中正區羅斯福路三段177號,,TM2
Point (305827.02199999988079071 2768519.24499999918043613),A0000000695,9960103,,臺北捷運六張犁站_BR07,北捷六張犁站_BR07,202001,臺北市大安區和平東路三段168號,02-218-12345,TM2
Point (305786.77900000009685755 2768532.67699999921023846),A0000006370,9960103,,臺北捷運六張犁站-出入口,北捷六張犁站-出入口,201511,臺北市大安區和平東路三段與基隆路二段交叉口,,TM2
Point (302810.86000000033527613 2768717.66499999910593033),A0000000542,9960103,,臺北捷運古亭站-出入口2,北捷古亭站-出入口2,201504,臺北市中正區羅斯福路二段168號,,TM2
Point (302827.05200000014156103 2768755.09300000034272671),A0000000540,9960103,,臺北捷運古亭站-出入口3,北捷古亭站-出入口3,201504,臺北市中正區羅斯福路二段79號,,TM2
Point (304842.41700000036507845 2768769.68200000002980232),A0000000731,9960103,,臺北捷運科技大樓站_BR08,北捷科技大樓站_BR08,202202,臺北市大安區復興南路二段235號,02-218-12345,TM2
Point (302774.72200000006705523 2768770.46299999952316284),A0000000541,9960103,,臺北捷運古亭站-出入口1,北捷古亭站-出入口1,201504,臺北市中正區羅斯福路二段136號,,TM2
Point (304852.75700000021606684 2768779.64599999971687794),A0000006383,9960103,,臺北捷運科技大樓站-出入口,北捷科技大樓站-出入口,201511,臺北市大安區復興南路二段與和平東路二段交叉口,,TM2
Point (302783.16999999992549419 2768819.27300000004470348),A0000000539,9960103,,臺北捷運古亭站-出入口4,北捷古亭站-出入口4,202202,臺北市中正區羅斯福路二段69號,,TM2
Point (302747.79229999985545874 2768843.25989999994635582),A0000013565,9960103,,臺北捷運古亭站_G09_O05,北捷古亭站_G09_O05,202202,臺北市中正區羅斯福路二段164之1號B1,02-218-12345,TM2
Point (302718.1780000003054738 2768852.11700000055134296),A0000000468,9960103,,臺北捷運古亭站-出入口9,北捷古亭站-出入口9,202202,臺北市中正區羅斯福路二段100號,,TM2
Point (302662.98599999956786633 2768880.40399999916553497),A0000008535,9960103,,臺北捷運古亭站-出入口8,北捷古亭站-出入口8,201705,臺北市中正區和平西路一段13號,,TM2
Point (302753.38700000010430813 2768894.20800000056624413),A0000000545,9960103,,臺北捷運古亭站-出入口5,北捷古亭站-出入口5,202202,臺北市中正區和平東路一段17號,,TM2
Point (302711.20100000035017729 2768925.81900000013411045),A0000000544,9960103,,臺北捷運古亭站-出入口6,北捷古亭站-出入口6,202202,臺北市中正區羅斯福路二段43號,,TM2
Point (302655.32600000035017729 2768944.51899999938905239),A0000000543,9960103,,臺北捷運古亭站-出入口7,北捷古亭站-出入口7,202202,臺北市中正區羅斯福路二段50號、近郵政醫院、婦幼醫院,,TM2
Point (302361.89400000032037497 2769451.34699999913573265),A0000000534,9960103,,臺北捷運中正紀念堂站-出入口3,北捷中正紀念堂站-出入口3,201504,臺北市中正區羅斯福路一段、近金華街口,,TM2
Point (302290.57799999974668026 2769487.2090000007301569),A0000000535,9960103,,臺北捷運中正紀念堂站-出入口2,北捷中正紀念堂站-出入口2,201504,臺北市中正區羅斯福路一段8之1號,,TM2
Point (307507.06599999964237213 2769490.29900000058114529),A0000006444,9960103,,臺北捷運象山站-出入口2,北捷象山站-出入口2,201511,臺北市信義區信義路五段150巷口、近象山公園、信義快速道路,,TM2
Point (304883.11899999994784594 2769527.49200000055134296),A0000006454,9960103,,臺北捷運大安站-出入口5,北捷大安站-出入口5,201511,臺北市大安區信義路四段與復興南路二段交叉、近信義路四段30巷8弄口,,TM2
Point (306869.07000000029802322 2769528.41300000064074993),A0000006451,9960103,,臺北捷運台北101/世貿站-出入口3,北捷台北101/世貿站-出入口3,201511,臺北市信義區信義路五段20號,,TM2
Point (306720.94299999997019768 2769531.34999999962747097),A0000000677,9960103,,臺北捷運台北101/世貿站-出入口2,北捷台北101/世貿站-出入口2,201504,臺北市信義區信義路五段與莊敬路口、世貿一館對面,,TM2
Point (305762.63470000028610229 2769534.97210000082850456),A0000013761,9960103,,臺北捷運信義安和站-出入口2A,北捷信義安和站-出入口2A,202202,臺北市大安區信義路四段與安和路二段路口,,TM2
Point (307524.09300000034272671 2769538.96600000001490116),A0000000739,9960103,,臺北捷運象山站_R02,北捷象山站_R02,202001,臺北市信義區信義路五段152號B1,02-218-12345,TM2
Point (306855.20899999979883432 2769545.11600000038743019),A0000000701,9960103,,臺北捷運台北101/世貿站_R03,北捷台北101/世貿站_R03,202202,臺北市信義區信義路五段20號B1,02-218-12345,TM2
Point (307578.66899999976158142 2769551.28500000014901161),A0000000680,9960103,,臺北捷運象山站-出入口3,北捷象山站-出入口3,201504,臺北市信義區信義路五段、近91巷、信義快速道路,,TM2
Point (305856.9150000000372529 2769551.67699999921023846),A0000007245,9960103,,臺北捷運信義安和站-出入口4,北捷信義安和站-出入口4,201504,臺北市大安區信義路四段248號與通安街口,,TM2
Point (305820.48799999989569187 2769552.15799999982118607),A0000007246,9960103,,臺北捷運信義安和站-出入口3,北捷信義安和站-出入口3,202202,臺北市大安區信義路四段236號與通安街口,,TM2
Point (307458.4150000000372529 2769552.9010000005364418),A0000006458,9960103,,臺北捷運象山站-出入口1,北捷象山站-出入口1,202202,臺北市信義區信義路五段與松勇路口,,TM2
Point (305725.84200000017881393 2769553.90499999932944775),A0000007247,9960103,,臺北捷運信義安和站-出入口2,北捷信義安和站-出入口2,201504,臺北市大安區信義路四段與安和路二段路口、安和路派出所前,,TM2
Point (304889.1919999998062849 2769556.29299999959766865),A0000006461,9960103,,臺北捷運大安站-出入口4,北捷大安站-出入口4,202202,臺北市大安區信義路四段2號與復興南路二段交叉口,,TM2
Point (304857.1578999999910593 2769562.07719999924302101),A0000013776,9960103,,臺北捷運大安站_BR09_R05,北捷大安站_BR09_R05,202202,臺北市大安區信義路四段2號、信義路三段180號B1,02-218-12345,TM2
Point (306695.82000000029802322 2769564.30299999937415123),A0000000513,9960103,,臺北捷運台北101/世貿站-出入口1,北捷台北101/世貿站-出入口1,201504,臺北市信義區信義路五段與莊敬路口、世貿一館旁,,TM2
Point (305797.06400000024586916 2769565.84400000050663948),A0000000724,9960103,,臺北捷運信義安和站_R04,北捷信義安和站_R04,201808,臺北市大安區信義路四段212之1號B1,02-218-12345,TM2
Point (304046.98000000044703484 2769566.55199999921023846),A0000007237,9960103,,臺北捷運大安森林公園站-出入口4,北捷大安森林公園站-出入口4,201504,臺北市大安區信義路三段、東側光塔,,TM2
Point (304108.58100000023841858 2769566.73399999924004078),A0000007236,9960103,,臺北捷運大安森林公園站-出入口5,北捷大安森林公園站-出入口5,201504,臺北市大安區信義路三段、近建國南路二段,,TM2
Point (303997.09900000039488077 2769567.59799999929964542),A0000007238,9960103,,臺北捷運大安森林公園站-出入口3,北捷大安森林公園站-出入口3,201504,臺北市大安區信義路三段、西側光塔,,TM2
Point (302235.97900000028312206 2769568.80199999921023846),A0000010311,9960103,,臺北捷運中正紀念堂站-出入口1,北捷中正紀念堂站-出入口1,201710,臺北市中正區羅斯福路一段、近勞保局,,TM2
Point (304740.5130000002682209 2769571.12099999934434891),A0000006468,9960103,,臺北捷運大安站-出入口3,北捷大安站-出入口3,201511,臺北市大安區信義路三段180號、近166巷口,,TM2
Point (303951.98799999989569187 2769573.82399999909102917),A0000000675,9960103,,臺北捷運大安森林公園站-出入口2,北捷大安森林公園站-出入口2,201504,臺北市大安區信義路三段、近新生南路二段,,TM2
Point (306943.21499999985098839 2769576.68099999986588955),A0000000678,9960103,,臺北捷運台北101/世貿站-出入口4,北捷台北101/世貿站-出入口4,202202,臺北市信義區信義路五段7號B1、臺北101B1廣場,,TM2
Point (306843.87330000009387732 2769583.89079999923706055),A0000000679,9960103,,臺北捷運台北101/世貿站-出入口5,北捷台北101/世貿站-出入口5,202401,臺北市信義區信義路五段與市府路口、世貿一館旁,,TM2
Point (305856.63599999994039536 2769597.60099999979138374),A0000006475,9960103,,臺北捷運信義安和站-出入口5,北捷信義安和站-出入口5,201511,臺北市大安區信義路四段239巷口,,TM2
Point (304025.5130000002682209 2769600.98100000061094761),A0000000685,9960103,,臺北捷運大安森林公園站_R06,北捷大安森林公園站_R06,201808,臺北市大安區信義路三段100號B1,02-218-12345,TM2
Point (305761.38700000010430813 2769606.68099999986588955),A0000000514,9960103,,臺北捷運信義安和站-出入口1,北捷信義安和站-出入口1,202202,臺北市大安區信義路四段與安和路一段路口,,TM2
Point (302229.9881999995559454 2769609.03390000015497208),A0000013805,9960103,,臺北捷運中正紀念堂站_G10_R8,北捷中正紀念堂站_G10_R8,202202,臺北市中正區羅斯福路一段8之1號B1,02-218-12345,TM2
Point (303426.24399999994784594 2769610.39200000092387199),A0000000671,9960103,,臺北捷運東門站-出入口5,北捷東門站-出入口5,202202,臺北市大安區信義路二段166號、近永康街口,,TM2
Point (304693.2369999997317791 2769610.74200000055134296),A0000006491,9960103,,臺北捷運大安站-出入口1,北捷大安站-出入口1,202202,臺北市大安區信義路三段147之1號、近147巷口、近臺北農會信義大樓,,TM2
Point (304671.23900000005960464 2769615.8359999991953373),A0000007232,9960103,,臺北捷運大安站-出入口2,北捷大安站-出入口2,202202,臺北市大安區信義路三段145號、師大附中旁,,TM2
Point (303370.84599999990314245 2769618.5989999994635582),A0000000670,9960103,,臺北捷運東門站-出入口4,北捷東門站-出入口4,201504,臺北市大安區信義路二段148巷口、近麗水街口,,TM2
Point (303270.62700000032782555 2769621.10099999979138374),A0000000674,9960103,,臺北捷運東門站-出入口3,北捷東門站-出入口3,201504,臺北市大安區信義路二段114巷口,,TM2
Point (303932.99500000011175871 2769633.17699999921023846),A0000000515,9960103,,臺北捷運大安森林公園站-出入口1,北捷大安森林公園站-出入口1,201504,臺北市大安區信義路三段、信義路三段31巷口,,TM2
Point (303464.14099999982863665 2769635.49599999934434891),A0000000673,9960103,,臺北捷運東門站-出入口6,北捷東門站-出入口6,201504,臺北市大安區信義路二段、近連雲街口,,TM2
Point (304093.41299999970942736 2769638.32599999941885471),A0000006489,9960103,,臺北捷運大安森林公園站-出入口6,北捷大安森林公園站-出入口6,202202,臺北市大安區信義路三段、仁愛路三段24巷口、近工業局,,TM2
Point (303442.89900000020861626 2769639.23799999989569187),A0000000672,9960103,,臺北捷運東門站-出入口7,北捷東門站-出入口7,201504,臺北市大安區近信義路二段191號,,TM2
Point (303337.93950000032782555 2769641.4107000008225441),A0000013830,9960103,,臺北捷運東門站_O06_R07,北捷東門站_O06_R07,202202,臺北市大安區信義路二段166號B1,02-218-12345,TM2
Point (303377.62999999988824129 2769658.91499999910593033),A0000000676,9960103,,臺北捷運東門站-出入口8,北捷東門站-出入口8,201504,臺北市大安區信義路二段163號、東門郵局旁,,TM2
Point (303279.36099999956786633 2769661.80700000002980232),A0000000469,9960103,,臺北捷運東門站-出入口1,北捷東門站-出入口1,202202,臺北市大安區信義路二段、近臨沂街口,,TM2
Point (303241.22200000006705523 2769667.35899999924004078),A0000000669,9960103,,臺北捷運東門站-出入口2,北捷東門站-出入口2,202202,臺北市大安區信義路二段與金山南路一段路口,,TM2
Point (304876.54999999981373549 2769667.81000000052154064),A0000007230,9960103,,臺北捷運大安站-出入口6,北捷大安站-出入口6,201504,臺北市大安區復興南路一段317號,,TM2
Point (302063.36000000033527613 2769707.51700000092387199),A0000000538,9960103,,臺北捷運中正紀念堂站-出入口7,北捷中正紀念堂站-出入口7,202202,臺北市中正區愛國西路2號、近中央銀行,,TM2
Point (300458.40400000009685755 2769754.78099999949336052),A0000000643,9960103,,臺北捷運龍山寺站-出入口2,北捷龍山寺站-出入口2,202202,臺北市萬華區和平西路三段、近萬華區公所,,TM2
Point (302184.53000000026077032 2769770.00400000065565109),A0000000470,9960103,,臺北捷運中正紀念堂站-出入口5,北捷中正紀念堂站-出入口5,201504,臺北市中正區愛國東路、中山南路口、近中正紀念堂,,TM2
Point (300537.82600000035017729 2769773.60999999940395355),A0000000750,9960103,,臺北捷運龍山寺站_BL10,北捷龍山寺站_BL10,201808,臺北市萬華區西園路一段153號,02-218-12345,TM2
Point (301604.41600000020116568 2769779.82399999909102917),A0000000562,9960103,,臺北捷運小南門站-出入口4,北捷小南門站-出入口4,202202,臺北市中正區愛國西路22號、近臺灣菸酒公司,,TM2
Point (301576.35800000000745058 2769785.75999999977648258),A0000008609,9960103,,臺北捷運小南門站_G11,北捷小南門站_G11,202202,臺北市中正區愛國西路22號B1,02-218-12345,TM2
Point (301570.37999999988824129 2769787.81000000052154064),A0000000561,9960103,,臺北捷運小南門站-出入口3,北捷小南門站-出入口3,202202,臺北市中正區愛國西路、博愛路口、近植物園,,TM2
Point (300621.01599999982863665 2769793.6830000001937151),A0000000644,9960103,,臺北捷運龍山寺站-出入口3,北捷龍山寺站-出入口3,201504,臺北市萬華區和平西路三段81巷口、近康定路,,TM2
Point (300412.60170000046491623 2769800.2864999994635582),A0000000471,9960103,,臺北捷運龍山寺站-出入口1,北捷龍山寺站-出入口1,202202,臺北市萬華區和平西路三段、西園路一段路口,,TM2
Point (301459.14599999971687794 2769830.02199999988079071),A0000000560,9960103,,臺北捷運小南門站-出入口2,北捷小南門站-出入口2,201504,臺北市中正區愛國西路30號,,TM2
Point (302123.67399999964982271 2769841.99899999983608723),A0000000537,9960103,,臺北捷運中正紀念堂站-出入口6,北捷中正紀念堂站-出入口6,201504,臺北市中正區愛國西路、中山南路口、市立大學附設小學、國家圖書館,,TM2
Point (301446.11099999956786633 2769907.15699999965727329),A0000000559,9960103,,臺北捷運小南門站-出入口1,北捷小南門站-出入口1,201504,臺北市中正區愛國西路、後備指揮部旁,,TM2
Point (303785.51800000015646219 2770404.50799999944865704),A0000000635,9960103,,臺北捷運忠孝新生站-出入口6,北捷忠孝新生站-出入口6,202202,臺北市大安區新生南路一段、濟南路口,,TM2
Point (308055.71499999985098839 2770407.99000000022351742),A0000006635,9960103,,臺北捷運永春站-出入口2,北捷永春站-出入口2,201511,臺北市信義區忠孝東路五段420號,,TM2
Point (308181.803999999538064 2770412.37600000016391277),A0000000630,9960103,,臺北捷運永春站-出入口4,北捷永春站-出入口4,201504,臺北市信義區忠孝東路五段464號與虎林街交叉口、臺北永春郵局前,,TM2
Point (308150.45600000023841858 2770412.46700000017881393),A0000000629,9960103,,臺北捷運永春站-出入口3,北捷永春站-出入口3,202202,臺北市信義區忠孝東路五段446號,,TM2
Point (302046.76829999964684248 2770420.08469999954104424),A0000014218,9960103,,臺北捷運台大醫院站-出入口1,北捷台大醫院站-出入口1,202202,臺北市中正區公園路52號、近總統府,,TM2
Point (308132.36099999956786633 2770425.47900000028312206),A0000000706,9960103,,臺北捷運永春站_BL19,北捷永春站_BL19,202202,臺北市信義區忠孝東路五段455號,02-218-12345,TM2
Point (307015.1380000002682209 2770425.89499999955296516),A0000006644,9960103,,臺北捷運市政府站-出入口2,北捷市政府站-出入口2,201511,臺北市信義區忠孝東路五段2號、近市府轉運站,,TM2
Point (307224.03699999954551458 2770427.70399999991059303),A0000006645,9960103,,臺北捷運市政府站-出入口3,北捷市政府站-出入口3,201511,臺北市信義區忠孝東路五段與松仁路交叉口、近政府消防局,,TM2
Point (303708.70000000018626451 2770433.80499999970197678),A0000000636,9960103,,臺北捷運忠孝新生站-出入口5,北捷忠孝新生站-出入口5,201504,臺北市大安區新生南路一段56巷口，近濟南路,,TM2
Point (306175.10699999984353781 2770439.78399999998509884),A0000000632,9960103,,臺北捷運國父紀念館站-出入口2,北捷國父紀念館站-出入口2,201504,臺北市信義區忠孝東路四段304號、近觀光局,,TM2
Point (308201.90899999998509884 2770442.23399999924004078),A0000006647,9960103,,臺北捷運永春站-出入口5,北捷永春站-出入口5,201511,臺北市信義區忠孝東路五段455號與虎林街交叉口、近永春市場,,TM2
Point (302133.57990000024437904 2770442.32210000045597553),A0000014228,9960103,,臺北捷運台大醫院站-出入口2,北捷台大醫院站-出入口2,202202,臺北市中正區常德街1號、臺大醫院舊館大門旁,,TM2
Point (308035.0719999996945262 2770446.67100000008940697),A0000006649,9960103,,臺北捷運永春站-出入口1,北捷永春站-出入口1,201511,臺北市信義區忠孝東路五段與423巷口,,TM2
Point (306365.32699999958276749 2770449.52999999932944775),A0000006650,9960103,,臺北捷運國父紀念館站-出入口4,北捷國父紀念館站-出入口4,202202,臺北市信義區忠孝東路四段、光復國小側門旁,,TM2
Point (306310.50600000005215406 2770450.57399999909102917),A0000006652,9960103,,臺北捷運國父紀念館站-出入口3,北捷國父紀念館站-出入口3,201511,臺北市信義區忠孝東路四段400號與光復南路交叉口、近光復國小,,TM2
Point (307129.36500000022351742 2770451.72299999929964542),A0000000704,9960103,,臺北捷運市政府站_BL18,北捷市政府站_BL18,202202,臺北市信義區忠孝東路五段2號,02-218-12345,TM2
Point (304871.01090000011026859 2770452.4375),A0000014237,9960103,,臺北捷運忠孝復興站_BL15_BR10,北捷忠孝復興站_BL15_BR10,202202,臺北市大安區忠孝東路三段302號、忠孝東路四段47號,02-218-12345,TM2
Point (305416.59700000006705523 2770454.35600000061094761),A0000006656,9960103,,臺北捷運忠孝敦化站-出入口6,北捷忠孝敦化站-出入口6,201511,臺北市大安區敦化南路一段219號,,TM2
Point (304838.27400000020861626 2770455.43500000052154064),A0000006658,9960103,,臺北捷運忠孝復興站-出入口2,北捷忠孝復興站-出入口2,202202,臺北市大安區忠孝東路三段與復興南路一段交叉口，近SOGO百貨復興館,,TM2
Point (301298.06400000024586916 2770466.57300000078976154),A0000000566,9960103,,臺北捷運西門站-出入口2,北捷西門站-出入口2,201504,臺北市中正區中華路一段59號、近憲兵隊,,TM2
Point (305658.67599999997764826 2770466.67600000090897083),A0000006659,9960103,,臺北捷運忠孝敦化站-出入口3,北捷忠孝敦化站-出入口3,201511,臺北市大安區忠孝東路四段182號,,TM2
Point (307225.74500000011175871 2770467.43999999947845936),A0000006660,9960103,,臺北捷運市政府站-出入口4,北捷市政府站-出入口4,201511,臺北市信義區忠孝東路五段71巷口,,TM2
Point (305557.81300000008195639 2770468.94299999997019768),A0000006662,9960103,,臺北捷運忠孝敦化站-出入口4,北捷忠孝敦化站-出入口4,201511,臺北市大安區忠孝東路四段166號,,TM2
Point (305482.48400000017136335 2770469.63700000010430813),A0000006663,9960103,,臺北捷運忠孝敦化站-出入口5,北捷忠孝敦化站-出入口5,202202,臺北市大安區忠孝東路四段148號,,TM2
Point (306243.93800000008195639 2770473.48499999940395355),A0000000734,9960103,,臺北捷運國父紀念館站_BL17,北捷國父紀念館站_BL17,201808,臺北市信義區忠孝東路四段400號,02-218-12345,TM2
Point (307059.22699999995529652 2770477.64100000075995922),A0000000631,9960103,,臺北捷運市政府站-出入口1,北捷市政府站-出入口1,202202,臺北市信義區忠孝東路五段15巷口、市府轉運站對面,,TM2
Point (304997.90099999960511923 2770478.98399999924004078),A0000006664,9960103,,臺北捷運忠孝復興站-出入口3,北捷忠孝復興站-出入口3,201511,臺北市大安區忠孝東路四段52號、SOGO百貨忠孝館對面,,TM2
Point (305541.30900000035762787 2770486.26500000059604645),A0000000713,9960103,,臺北捷運忠孝敦化站_BL16,北捷忠孝敦化站_BL16,202202,臺北市大安區忠孝東路四段182號,02-218-12345,TM2
Point (306310.776999999769032 2770488.87800000049173832),A0000006665,9960103,,臺北捷運國父紀念館站-出入口5,北捷國父紀念館站-出入口5,201511,臺北市信義區忠孝東路四段與光復南路交叉口、光復國小對面,,TM2
Point (303787.53899999987334013 2770495.89800000004470348),A0000007242,9960103,,臺北捷運忠孝新生站-出入口7,北捷忠孝新生站-出入口7,201511,臺北市大安區新生南路一段、忠孝東路三段口,,TM2
Point (305664.31599999964237213 2770500.803999999538064),A0000006667,9960103,,臺北捷運忠孝敦化站-出入口2,北捷忠孝敦化站-出入口2,202202,臺北市大安區忠孝東路四段203號,,TM2
Point (305558.59900000039488077 2770502.83500000089406967),A0000006669,9960103,,臺北捷運忠孝敦化站-出入口1,北捷忠孝敦化站-出入口1,201511,臺北市大安區忠孝東路四段175號,,TM2
Point (305495.57400000002235174 2770504.57599999941885471),A0000000633,9960103,,臺北捷運忠孝敦化站-出入口7,北捷忠孝敦化站-出入口7,201504,臺北市大安區忠孝東路四段151號,,TM2
Point (301337.4330000001937151 2770509.87800000049173832),A0000000565,9960103,,臺北捷運西門站-出入口3,北捷西門站-出入口3,202202,臺北市中正區中華路一段、寶慶路口,,TM2
Point (306172.67100000008940697 2770512.00899999961256981),A0000006671,9960103,,臺北捷運國父紀念館站-出入口1,北捷國父紀念館站-出入口1,201511,臺北市信義區忠孝東路四段327號、近中華電視公司,,TM2
Point (304989.90699999965727329 2770513.79199999943375587),A0000006672,9960103,,臺北捷運忠孝復興站-出入口4,北捷忠孝復興站-出入口4,201511,臺北市大安區忠孝東路四段47號、近SOGO百貨忠孝館,,TM2
Point (303853.60300000011920929 2770515.13399999961256981),A0000006674,9960103,,臺北捷運忠孝新生站-出入口3,北捷忠孝新生站-出入口3,201511,臺北市大安區忠孝東路三段10巷,,TM2
Point (304812.875 2770516.49400000087916851),A0000006673,9960103,,臺北捷運忠孝復興站-出入口1,北捷忠孝復興站-出入口1,201511,臺北市大安區忠孝東路三段291號與安東街交叉口,,TM2
Point (305416.76900000032037497 2770521.02300000004470348),A0000006675,9960103,,臺北捷運忠孝敦化站-出入口8,北捷忠孝敦化站-出入口8,201511,臺北市大安區敦化南路一段209號,,TM2
Point (304887.59999999962747097 2770529.36099999956786633),A0000006676,9960103,,臺北捷運忠孝復興站-出入口5,北捷忠孝復興站-出入口5,201511,臺北市大安區復興南路一段153號,,TM2
Point (301222.45600000023841858 2770539.55599999986588955),A0000000473,9960103,,臺北捷運西門站-出入口1,北捷西門站-出入口1,202202,臺北市中正區漢中街、成都路口、近西門紅樓,,TM2
Point (301314.68900000024586916 2770540.3323999997228384),A0000014296,9960103,,臺北捷運西門站_BL11_G12,北捷西門站_BL11_G12,202202,臺北市中正區寶慶路32之1號B1,02-218-12345,TM2
Point (302095.14070000033825636 2770540.35439999960362911),A0000014297,9960103,,臺北捷運台大醫院站_R09,北捷台大醫院站_R09,202202,臺北市中正區公園路52號B1,02-218-12345,TM2
Point (303691.97599999979138374 2770548.24400000087916851),A0000000634,9960103,,臺北捷運忠孝新生站-出入口2,北捷忠孝新生站-出入口2,201504,臺北市大安區忠孝東路二段134巷、近忠孝公園,,TM2
Point (301349.24299999978393316 2770555.30299999937415123),A0000000563,9960103,,臺北捷運西門站-出入口4,北捷西門站-出入口4,202202,臺北市中正區中華路一段、衡陽路口,,TM2
Point (303771.53239999990910292 2770577.37600000016391277),A0000014339,9960103,,臺北捷運忠孝新生站_BL14_O07,北捷忠孝新生站_BL14_O07,202202,臺北市大安區新生南路一段67號,02-218-12345,TM2
Point (303811.86600000038743019 2770584.95299999974668026),A0000006680,9960103,,臺北捷運忠孝新生站-出入口4,北捷忠孝新生站-出入口4,201511,臺北市大安區忠孝東路三段與新生南路一段交叉口、近臺北科技大學,,TM2
Point (301236.28600000031292439 2770588.31200000084936619),A0000000564,9960103,,臺北捷運西門站-出入口6,北捷西門站-出入口6,202202,臺北市中正區漢中街、成都路口,,TM2
Point (301336.82699999958276749 2770616.47599999979138374),A0000000567,9960103,,臺北捷運西門站-出入口5,北捷西門站-出入口5,201504,臺北市中正區中華路一段、秀山街口,,TM2
Point (303671.27799999993294477 2770618.92799999937415123),A0000000474,9960103,,臺北捷運忠孝新生站-出入口1,北捷忠孝新生站-出入口1,202202,臺北市大安區忠孝東路二段101號、近忠孝國小,,TM2
Point (302139.38910000026226044 2770631.79179999977350235),A0000014388,9960103,,臺北捷運台大醫院站-出入口3,北捷台大醫院站-出入口3,202202,臺北市中正區公園路、臺大醫院復健部旁,,TM2
Point (302101.82749999966472387 2770641.20060000009834766),A0000014394,9960103,,臺北捷運台大醫院站-出入口4,北捷台大醫院站-出入口4,202202,臺北市中正區公園路、近國立台灣博物館,,TM2
Point (308721.96399999968707561 2770759.75),A0000006695,9960103,,臺北捷運後山埤站-出入口2,北捷後山埤站-出入口2,201411,臺北市南港區忠孝東路五段790巷口、中坡南路口,,TM2
Point (302899.33000000007450581 2770772.72800000011920929),A0000000640,9960103,,臺北捷運善導寺站-出入口4,北捷善導寺站-出入口4,202202,臺北市中正區忠孝東路一段84巷巷口、近青島國宅,,TM2
Point (302949.3030000003054738 2770788.21499999985098839),A0000000641,9960103,,臺北捷運善導寺站-出入口5,北捷善導寺站-出入口5,202202,臺北市中正區忠孝東路一段與紹興南街交叉口、近華山市場,,TM2
Point (302836.10500000044703484 2770807.53399999998509884),A0000000638,9960103,,臺北捷運善導寺站-出入口3,北捷善導寺站-出入口3,202202,臺北市中正區忠孝東路一段70巷巷口,,TM2
Point (308675.77400000020861626 2770820.446000000461936),A0000006701,9960103,,臺北捷運後山埤站-出入口1,北捷後山埤站-出入口1,201411,臺北市南港區忠孝東路五段743巷與中坡北路交叉口、近五分埔,,TM2
Point (302955.68900000024586916 2770822.54199999943375587),A0000000639,9960103,,臺北捷運善導寺站-出入口6,北捷善導寺站-出入口6,202202,臺北市中正區忠孝東路一段與紹興北街交叉口、近善導寺,,TM2
Point (302874.16899999976158142 2770825.89499999955296516),A0000000735,9960103,,臺北捷運善導寺站_BL13,北捷善導寺站_BL13,202202,臺北市中正區忠孝東路一段58號B1,02-218-12345,TM2
Point (302773.0400000000372529 2770834.03700000047683716),A0000000637,9960103,,臺北捷運善導寺站-出入口2,北捷善導寺站-出入口2,201504,臺北市中正區忠孝東路一段與林森南路交叉口,,TM2
Point (308753.74100000038743019 2770852.76200000010430813),A0000000730,9960103,,臺北捷運後山埤站_BL20,北捷後山埤站_BL20,201808,臺北市南港區忠孝東路六段2號,02-218-12345,TM2
Point (302783.89699999988079071 2770866.92699999921023846),A0000000475,9960103,,臺北捷運善導寺站-出入口1,北捷善導寺站-出入口1,201504,臺北市中正區忠孝東路一段與林森北路交叉口、近警政署,,TM2
Point (308846.35599999967962503 2770916.4609999991953373),A0000006742,9960103,,臺北捷運後山埤站-出入口3,北捷後山埤站-出入口3,202202,臺北市南港區忠孝東路六段6號、玉成街140巷對面、近聯合醫院忠孝院區,,TM2
Point (308772.51200000010430813 2770952.86099999956786633),A0000006712,9960103,,臺北捷運後山埤站-出入口4,北捷後山埤站-出入口4,201511,臺北市南港區玉成街98巷口、永吉路605號、近合作金庫銀行,,TM2
Point (302223.07359999977052212 2770958.10520000010728836),A0000014595,9960103,,臺北捷運台北車站-出入口M8,北捷台北車站-出入口M8,202202,臺北市中正區公園路13號,,TM2
Point (302145.20189999975264072 2770983.37690000049769878),A0000014602,9960103,,臺北捷運台北車站-出入口M6,北捷台北車站-出入口M6,202202,臺北市中正區忠孝西路一段38號,,TM2
Point (302324.9173999996855855 2770987.89179999940097332),A0000014606,9960103,,臺北捷運台北車站-出入口M7,北捷台北車站-出入口M7,202202,臺北市中正區忠孝西路一段33號,,TM2
Point (302220.08710000012069941 2770998.86400000005960464),A0000014612,9960103,,臺北捷運台北車站_BL12_R10,北捷台北車站_BL12_R10,202202,臺北市中正區忠孝西路一段49號,02-218-12345,TM2
Point (302248.10159999970346689 2771008.25500000081956387),A0000014619,9960103,,臺北捷運台北車站-出入口M3,北捷台北車站-出入口M3,202202,臺北市中正區忠孝西路一段45號,,TM2
Point (302194.93070000037550926 2771027.65520000085234642),A0000014628,9960103,,臺北捷運台北車站-出入口M4,北捷台北車站-出入口M4,202202,臺北市中正區忠孝西路一段38號對面,,TM2
Point (302090.12719999998807907 2771054.56330000050365925),A0000014641,9960103,,臺北捷運台北車站-出入口M5,北捷台北車站-出入口M5,202202,臺北市中正區忠孝西路一段66號對面,,TM2
Point (302362.01130000036209822 2771206.18229999952018261),A0000014748,9960103,,臺北捷運台北車站-出入口M2,北捷台北車站-出入口M2,202202,臺北市中正區市民大道一段209號對面、近國父史蹟紀念館,,TM2
Point (302301.46430000010877848 2771220.47199999913573265),A0000014757,9960103,,臺北捷運台北車站-出入口M1,北捷台北車站-出入口M1,202202,臺北市中正區台鐵臺北車站北一門旁,,TM2
Point (301961.31290000025182962 2771250.81619999930262566),A0000014771,9960103,,桃園機場捷運台北車站-出入口1,機捷台北車站-出入口1,202205,臺北市中正區市民大道臺北地下街出口Y12西面,,TM2
Point (301826.83399999979883432 2771262.13000000081956387),A0000007625,9960103,,桃園機場捷運台北車站-出入口4,機捷台北車站-出入口4,202205,臺北市中正區重慶北路一段與北平西路交叉口東北面,,TM2
Point (301896.19670000020414591 2771273.74860000051558018),A0000014788,9960103,,桃園機場捷運台北車站_A1,機捷台北車站_A1,202205,臺北市中正區鄭州路8號,(03)286-8789,TM2
Point (301897.77269999962300062 2771283.51840000040829182),A0000014791,9960103,,桃園機場捷運台北車站-出入口2,機捷台北車站-出入口2,202205,臺北市中正區市民大道臺北地下街出口Y18東面,,TM2
Point (301839.20339999999850988 2771296.66239999979734421),A0000014798,9960103,,桃園機場捷運台北車站-出入口3,機捷台北車站-出入口3,202205,臺北市中正區市民大道與重慶北路一段交叉口東南面,,TM2
Point (301459.06500000040978193 2771299.80900000035762787),A0000000518,9960103,,臺北捷運北門站-出入口1,北捷北門站-出入口1,201504,臺北市大同區塔城街與忠孝西路二段路口西北隅（於塔城街上）,,TM2
Point (301737.67420000024139881 2771308.62020000070333481),A0000014804,9960103,,桃園機場捷運台北車站-出入口5,機捷台北車站-出入口5,202205,臺北市中正區市民大道與重慶北路一段交叉口西南面,,TM2
Point (301486.95100000035017729 2771341.64200000092387199),A0000000699,9960103,,臺北捷運北門站_G13,北捷北門站_G13,201808,臺北市大同區塔城街10號,02-218-12345,TM2
Point (301674.37299999967217445 2771343.62910000048577785),A0000014820,9960103,,桃園機場捷運台北車站-出入口6,機捷台北車站-出入口6,202205,臺北市中正區市民大道近延平北路交叉東南面,,TM2
Point (301517.82400000002235174 2771346.67400000058114529),A0000000568,9960103,,臺北捷運北門站-出入口2,北捷北門站-出入口2,201504,臺北市大同區塔城街東側,,TM2
Point (301467.76900000032037497 2771396.41000000014901161),A0000000569,9960103,,臺北捷運北門站-出入口3,北捷北門站-出入口3,201710,臺北市大同區塔城街與鄭州路口西南隅（於鄭州路上）,,TM2
Point (308321.79299999959766865 2771414.13499999977648258),A0000000596,9960103,,臺北捷運松山站-出入口4,北捷松山站-出入口4,201504,臺北市松山區八德路四段與松山路口東南隅、近五分埔商圈,,TM2
Point (308270.30200000014156103 2771415.39699999988079071),A0000000595,9960103,,臺北捷運松山站-出入口3,北捷松山站-出入口3,202202,臺北市松山區八德路四段與松山路口西南隅、近行政中心,,TM2
Point (308268.80700000002980232 2771446.56900000013411045),A0000000720,9960103,,臺北捷運松山站_G19,北捷松山站_G19,202001,臺北市松山區八德路四段742號,02-218-12345,TM2
Point (308140.84100000001490116 2771455.12700000032782555),A0000010416,9960103,,臺北捷運松山站-出入口2,北捷松山站-出入口2,201710,臺北市松山區八德路四段北側、近松山市場,,TM2
Point (308223.89900000020861626 2771456.26700000092387199),A0000007647,9960103,,臺北捷運松山站-出入口1,北捷松山站-出入口1,201504,臺北市松山區八德路四段與松山路口西北隅、近饒河街觀光夜市,,TM2
Point (309809.68699999991804361 2771484.43600000068545341),A0000000477,9960103,,臺北捷運昆陽站-出入口1,北捷昆陽站-出入口1,201504,臺北市南港區忠孝東路六段403巷口,,TM2
Point (309821.30099999997764826 2771492.27500000037252903),A0000000626,9960103,,臺北捷運昆陽站-出入口2,北捷昆陽站-出入口2,202202,臺北市南港區忠孝東路六段403巷1弄,,TM2
Point (308315.26699999999254942 2771494.24899999983608723),A0000000598,9960103,,臺北捷運松山站-出入口5,北捷松山站-出入口5,202202,臺北市松山區八德路四段與松山路口東北隅、近松山國小,,TM2
Point (309865.3169999998062849 2771499.99000000022351742),A0000000716,9960103,,臺北捷運昆陽站_BL21,北捷昆陽站_BL21,202202,臺北市南港區忠孝東路六段451號,02-218-12345,TM2
Point (309913.43099999986588955 2771511.53299999982118607),A0000000624,9960103,,臺北捷運昆陽站-出入口4,北捷昆陽站-出入口4,202202,臺北市南港區忠孝東路六段449號與昆陽街交叉口,,TM2
Point (309899.93099999986588955 2771515.45299999974668026),A0000000625,9960103,,臺北捷運昆陽站-出入口3,北捷昆陽站-出入口3,201504,臺北市南港區忠孝東路六段403巷1弄、近昆陽街側,,TM2
Point (303752.63200000021606684 2771542.47599999979138374),A0000000578,9960103,,臺北捷運松江南京站-出入口3,北捷松江南京站-出入口3,201504,臺北市中山區松江路與南京東路口西南隅（於松江路上）、近松江公園,,TM2
Point (303753.15299999993294477 2771567.9010000005364418),A0000000577,9960103,,臺北捷運松江南京站-出入口2,北捷松江南京站-出入口2,201504,臺北市中山區松江路與南京東路口西南隅（於松江路上）、松江路108巷旁,,TM2
Point (306949.19400000013411045 2771575.20700000040233135),A0000010423,9960103,,臺北捷運南京三民站-出入口3,北捷南京三民站-出入口3,202202,臺北市松山區南京東路五段與三民路口東南隅,,TM2
Point (306818.20500000007450581 2771577.39100000075995922),A0000010424,9960103,,臺北捷運南京三民站-出入口2,北捷南京三民站-出入口2,202202,臺北市松山區南京東路五段與三民路口西南隅,,TM2
Point (305746.1919999998062849 2771583.32200000062584877),A0000000590,9960103,,臺北捷運台北小巨蛋站-出入口3,北捷台北小巨蛋站-出入口3,202202,臺北市松山區南京東路四段與北寧路口西南隅、近臺北體育館,,TM2
Point (305579.92499999981373549 2771587.62399999983608723),A0000010425,9960103,,臺北捷運台北小巨蛋站-出入口2,北捷台北小巨蛋站-出入口2,201710,臺北市松山區南京東路四段(南側)、近臺北小巨蛋,,TM2
Point (306891.08299999963492155 2771591.20399999991059303),A0000000725,9960103,,臺北捷運南京三民站_G18,北捷南京三民站_G18,201808,臺北市松山區南京東路五段237號,02-218-12345,TM2
Point (303794.84499999973922968 2771592.70299999974668026),A0000000576,9960103,,臺北捷運松江南京站-出入口4,北捷松江南京站-出入口4,201504,臺北市中山區松江路與南京東路口東南隅（於松江路上）,,TM2
Point (305799.49399999994784594 2771596.57000000029802322),A0000000591,9960103,,臺北捷運台北小巨蛋站-出入口4,北捷台北小巨蛋站-出入口4,202202,臺北市松山區南京東路四段與北寧路口東南隅,,TM2
Point (304665.97099999990314245 2771605.74899999983608723),A0000000586,9960103,,臺北捷運南京復興站-出入口2,北捷南京復興站-出入口2,201504,臺北市松山區南京東路三段與遼寧街口西南隅,,TM2
Point (304939.196000000461936 2771613.67400000058114529),A0000000583,9960103,,臺北捷運南京復興站-出入口5,北捷南京復興站-出入口5,202202,臺北市松山區南京東路三段與復興北路口東南隅、近南京東路三段256巷,,TM2
Point (305727.22800000011920929 2771614.11500000022351742),A0000000702,9960103,,臺北捷運台北小巨蛋站_G17,北捷台北小巨蛋站_G17,202202,臺北市松山區南京東路四段10之1號,02-218-12345,TM2
Point (306984.3169999998062849 2771616.19700000062584877),A0000010427,9960103,,臺北捷運南京三民站-出入口4,北捷南京三民站-出入口4,202202,臺北市松山區南京東路五段、近南京東路與三民路口東北隅,,TM2
Point (304815.54800000041723251 2771617.30499999970197678),A0000000584,9960103,,臺北捷運南京復興站-出入口4,北捷南京復興站-出入口4,201710,臺北市松山區南京東路三段與復興北路口西南隅、近南京東路三段216巷,,TM2
Point (304782.63700000010430813 2771617.66100000031292439),A0000000585,9960103,,臺北捷運南京復興站-出入口3,北捷南京復興站-出入口3,201710,臺北市松山區南京東路三段與復興北路口西南隅、近南京東路三段194巷,,TM2
Point (306826.61099999956786633 2771618.04199999943375587),A0000000520,9960103,,臺北捷運南京三民站-出入口1,北捷南京三民站-出入口1,201504,臺北市松山區南京東路五段與三民路口西北隅,,TM2
Point (303699.98799999989569187 2771619.58500000089406967),A0000000579,9960103,,臺北捷運松江南京站-出入口1,北捷松江南京站-出入口1,201504,臺北市中山區松江路與南京東路口西南隅（於南京東路上）,,TM2
Point (303840.57699999958276749 2771629.90000000037252903),A0000000575,9960103,,臺北捷運松江南京站-出入口5,北捷松江南京站-出入口5,201504,臺北市中山區松江路與南京東路口東南隅（於南京東路上）,,TM2
Point (305710.5 2771637.13099999912083149),A0000000589,9960103,,臺北捷運台北小巨蛋站-出入口5,北捷台北小巨蛋站-出入口5,202202,臺北市松山區南京東路四段與健康路口西北隅,,TM2
Point (305637.49299999978393316 2771637.67200000025331974),A0000000588,9960103,,臺北捷運台北小巨蛋站-出入口1,北捷台北小巨蛋站-出入口1,202202,臺北市松山區南京東路四段(北側)、近南京東路四段53巷,,TM2
Point (304963.64300000015646219 2771645.41499999910593033),A0000000582,9960103,,臺北捷運南京復興站-出入口6,北捷南京復興站-出入口6,201710,臺北市松山區南京東路三段(北側)、近兄弟飯店,,TM2
Point (304856.39099999982863665 2771647.81100000068545341),A0000000600,9960103,,臺北捷運南京復興站-出入口8,北捷南京復興站-出入口8,202202,臺北市松山區南京東路三段與復興北路口西北隅,,TM2
Point (303781.1365999998524785 2771652.07560000009834766),A0000014975,9960103,,臺北捷運松江南京站_G15_O08,北捷松江南京站_G15_O08,202202,臺北市中山區松江路126號B1,02-218-12345,TM2
Point (311209.70500000007450581 2771656.78999999910593033),A0000000623,9960103,,臺北捷運南港站-出入口1,北捷南港站-出入口1,201504,臺北市南港區忠孝東路七段380號、臺鐵南港站對面,,TM2
Point (304892.64219999965280294 2771662.15729999914765358),A0000014981,9960103,,臺北捷運南京復興站_BR11_G16,北捷南京復興站_BR11_G16,202202,臺北市松山區南京東路三段253號,02-218-12345,TM2
Point (303853.35900000017136335 2771663.24499999918043613),A0000000574,9960103,,臺北捷運松江南京站-出入口6,北捷松江南京站-出入口6,202202,臺北市中山區松江路與南京東路口東北隅（於南京東路上）,,TM2
Point (311325.65000000037252903 2771670.28700000047683716),A0000000478,9960103,,臺北捷運南港站-出入口2,北捷南港站-出入口2,201504,臺北市南港區忠孝東路七段、近極限運動中心,,TM2
Point (304926.58000000007450581 2771674.95299999974668026),A0000000479,9960103,,臺北捷運南京復興站-出入口7,北捷南京復興站-出入口7,201504,臺北市松山區南京東路三段與復興北路口東北隅(臨慶城街)、兄弟飯店旁,,TM2
Point (302583.92999999970197678 2771679.82200000062584877),A0000000571,9960103,,臺北捷運中山站-出入口2,北捷中山站-出入口2,201504,臺北市大同區南京西路12號旁、近中山北路一段,,TM2
Point (302497.85300000011920929 2771681.16899999976158142),A0000000481,9960103,,臺北捷運中山站-出入口1,北捷中山站-出入口1,201504,臺北市大同區南京西路16號,,TM2
Point (311269.67300000041723251 2771693.10799999907612801),A0000000728,9960103,,臺北捷運南港站_BL22,北捷南港站_BL22,201808,臺北市南港區忠孝東路七段380號,02-218-12345,TM2
Point (302580.33800000045448542 2771706.86800000071525574),A0000000572,9960103,,臺北捷運中山站-出入口3,北捷中山站-出入口3,202202,臺北市大同區南京西路11號旁、近中山北路二段,,TM2
Point (303798.75800000037997961 2771707.70299999974668026),A0000000573,9960103,,臺北捷運松江南京站-出入口7,北捷松江南京站-出入口7,201504,臺北市中山區松江路與南京東路口東北隅（於松江路上）、近四平街,,TM2
Point (302503.32739999983459711 2771710.04089999943971634),A0000015023,9960103,,臺北捷運中山站_G14_R11,北捷中山站_G14_R11,202202,臺北市大同區南京西路16號、南京西路55號,02-218-12345,TM2
Point (302379.83999999985098839 2771724.0130000002682209),A0000000581,9960103,,臺北捷運中山站-出入口6,北捷中山站-出入口6,201710,臺北市大同區南京西路與赤峰街路口東南隅，南京西路64巷旁,,TM2
Point (304719.71899999957531691 2771724.69999999925494194),A0000000587,9960103,,臺北捷運南京復興站-出入口1,北捷南京復興站-出入口1,201711,臺北市松山區遼寧街與遼寧街155巷口,,TM2
Point (303749.86050000041723251 2771729.00229999981820583),A0000000480,9960103,,臺北捷運松江南京站-出入口8,北捷松江南京站-出入口8,202401,臺北市中山區松江路與南京東路口西北隅（於松江路上）、松江路124巷旁,,TM2
Point (302499.20000000018626451 2771739.41300000064074993),A0000000570,9960103,,臺北捷運中山站-出入口4,北捷中山站-出入口4,202202,臺北市大同區南京西路27號旁,,TM2
Point (302391.23099999967962503 2771756.3340000007301569),A0000000580,9960103,,臺北捷運中山站-出入口5,北捷中山站-出入口5,202202,臺北市大同區南京西路55號、近南京西路與赤峰街路口東北隅,,TM2
Point (312370.08600000012665987 2771916.00899999961256981),A0000000621,9960103,,臺北捷運南港展覽館站-出入口7,北捷南港展覽館站-出入口7,201504,臺北市南港區富康街1巷16弄、近誠正國中,,TM2
Point (312337.60699999984353781 2771984.24499999918043613),A0000000619,9960103,,臺北捷運南港展覽館站-出入口6,北捷南港展覽館站-出入口6,201504,臺北市南港區南港路一段與經貿一路交叉口,,TM2
Point (312241.26499999966472387 2771995.48799999989569187),A0000000620,9960103,,臺北捷運南港展覽館站-出入口5,北捷南港展覽館站-出入口5,202202,臺北市南港區南港路一段與研究院路一段交叉口,,TM2
Point (312328.07749999966472387 2772025.15540000051259995),A0000015157,9960103,,臺北捷運南港展覽館站_BL23_BR24,北捷南港展覽館站_BL23_BR24,202202,臺北市南港區南港路一段32號、研究院路一段1號,02-218-12345,TM2
Point (312378.75200000032782555 2772029.22100000083446503),A0000000617,9960103,,臺北捷運南港展覽館站-出入口3,北捷南港展覽館站-出入口3,201504,臺北市南港區南港路一段與經貿一路交叉口,,TM2
Point (312304.8169999998062849 2772042.64399999938905239),A0000000622,9960103,,臺北捷運南港展覽館站-出入口2A,北捷南港展覽館站-出入口2A,201504,臺北市南港區南港路一段32號與經貿二路交叉口,,TM2
Point (312291.07600000035017729 2772053.26200000010430813),A0000000482,9960103,,臺北捷運南港展覽館站-出入口2,北捷南港展覽館站-出入口2,201504,臺北市南港區南港路一段32號與經貿二路交叉口,,TM2
Point (312382.73400000017136335 2772053.26200000010430813),A0000000618,9960103,,臺北捷運南港展覽館站-出入口4,北捷南港展覽館站-出入口4,201504,臺北市南港區經貿一路、南港展覽館旁,,TM2
Point (312272.96300000045448542 2772117.28199999965727329),A0000000616,9960103,,臺北捷運南港展覽館站-出入口1,北捷南港展覽館站-出入口1,201504,臺北市南港區經貿二路、南港展覽館旁,,TM2
Point (302523.71800000034272671 2772238.9590000007301569),A0000000483,9960103,,臺北捷運雙連站-出入口1,北捷雙連站-出入口1,201504,臺北市大同區民生西路72號旁,,TM2
Point (302529.98089999984949827 2772264.94429999962449074),A0000015239,9960103,,臺北捷運雙連站_R12,北捷雙連站_R12,202202,臺北市大同區民生西路47號,02-218-12345,TM2
Point (302525.97400000039488077 2772289.99000000022351742),A0000000645,9960103,,臺北捷運雙連站-出入口2,北捷雙連站-出入口2,201504,臺北市大同區民生西路47號,,TM2
Point (303774.49199999962002039 2772326.68700000084936619),A0000000485,9960103,,臺北捷運行天宮站-出入口1,北捷行天宮站-出入口1,202202,臺北市中山區松江路218號,,TM2
Point (303825.14199999999254942 2772392.18899999931454659),A0000010547,9960103,,臺北捷運行天宮站-出入口2,北捷行天宮站-出入口2,201803,臺北市中山區松江路235巷口,,TM2
Point (303793.05599999986588955 2772445.36900000087916851),A0000000708,9960103,,臺北捷運行天宮站_O09,北捷行天宮站_O09,202001,臺北市中山區松江路316號B1,02-218-12345,TM2
Point (303821.42999999970197678 2772516.63700000010430813),A0000000681,9960103,,臺北捷運行天宮站-出入口3,北捷行天宮站-出入口3,202202,臺北市中山區松江路273號、近錦州街口,,TM2
Point (312140.36099999956786633 2772558.125),A0000000729,9960103,,臺北捷運南港軟體園區站_BR23,北捷南港軟體園區站_BR23,202202,臺北市南港區經貿二路183號,02-218-12345,TM2
Point (312185.19799999985843897 2772578.42300000041723251),A0000000615,9960103,,臺北捷運南港軟體園區站-出入口2,北捷南港軟體園區站-出入口2,202202,臺北市南港區經貿二路185巷東側,,TM2
Point (303756.52400000020861626 2772581.17600000090897083),A0000000682,9960103,,臺北捷運行天宮站-出入口4,北捷行天宮站-出入口4,201504,臺北市中山區松江路318號、近錦州街口,,TM2
Point (312137.06599999964237213 2772606.00200000032782555),A0000000484,9960103,,臺北捷運南港軟體園區站-出入口1,北捷南港軟體園區站-出入口1,201504,臺北市南港區經貿二路185巷西側,,TM2
Point (304885.11099999956786633 2772618.94099999964237213),A0000000486,9960103,,臺北捷運中山國中站-出入口,北捷中山國中站-出入口,201504,臺北市中山區民權東路三段與復興北路交叉口,,TM2
Point (304910.85699999984353781 2772620.678999999538064),A0000000692,9960103,,臺北捷運中山國中站_BR12,北捷中山國中站_BR12,202001,臺北市中山區復興北路376號,02-218-12345,TM2
Point (302459.12799999956041574 2772681.3619999997317791),A0000000647,9960103,,臺北捷運民權西路站-出入口3,北捷民權西路站-出入口3,201504,臺北市大同區天祥路16巷口,,TM2
Point (302424.23900000005960464 2772730.44099999964237213),A0000000648,9960103,,臺北捷運民權西路站-出入口2,北捷民權西路站-出入口2,202202,臺北市大同區成淵高中後方,,TM2
Point (302449.58100000023841858 2772738.78700000047683716),A0000000646,9960103,,臺北捷運民權西路站-出入口4,北捷民權西路站-出入口4,201504,臺北市大同區天祥路48巷35號對面,,TM2
Point (303183.06900000013411045 2772797.98900000005960464),A0000000666,9960103,,臺北捷運中山國小站-出入口3,北捷中山國小站-出入口3,201504,臺北市中山區民權東路一段、新生北路二段口，近新興國中,,TM2
Point (303064.90500000026077032 2772801.00300000049173832),A0000000667,9960103,,臺北捷運中山國小站-出入口2,北捷中山國小站-出入口2,201504,臺北市中山區民權東路一段、林森北路口，近新興國中,,TM2
Point (302409.25999999977648258 2772808.321000000461936),A0000000487,9960103,,臺北捷運民權西路站-出入口1,北捷民權西路站-出入口1,202202,臺北市大同區民權西路72號,,TM2
Point (302515.48900000005960464 2772822.38000000081956387),A0000000654,9960103,,臺北捷運民權西路站-出入口8,北捷民權西路站-出入口8,202202,臺北市大同區民權西路、天祥路口，近民權西路48號,,TM2
Point (303121.07010000012814999 2772823.25599999912083149),A0000015420,9960103,,臺北捷運中山國小站_O10,北捷中山國小站_O10,202202,臺北市中山區民權東路一段71號B1,02-218-12345,TM2
Point (302475.00200000032782555 2772823.81200000084936619),A0000000652,9960103,,臺北捷運民權西路站-出入口7,北捷民權西路站-出入口7,201504,臺北市大同區民權西路58、60號前,,TM2
Point (302356.64800000004470348 2772826.66200000047683716),A0000010567,9960103,,臺北捷運民權西路站-出入口6,北捷民權西路站-出入口6,201803,臺北市大同區承德路二段、民權西路口，近台灣銀行,,TM2
Point (303146.29299999959766865 2772840.59200000017881393),A0000000665,9960103,,臺北捷運中山國小站-出入口4,北捷中山國小站-出入口4,202202,臺北市中山區民權東路一段、新生北路三段口，近中山國小,,TM2
Point (303065.90899999998509884 2772843.00400000065565109),A0000000488,9960103,,臺北捷運中山國小站-出入口1,北捷中山國小站-出入口1,201504,臺北市中山區民權東路一段、林森北路口，近中山國小,,TM2
Point (302395.65380000043660402 2772850.77180000022053719),A0000015429,9960103,,臺北捷運民權西路站_O11_R13,北捷民權西路站_O11_R13,202202,臺北市大同區民權西路72號,02-218-12345,TM2
Point (302518.09300000034272671 2772851.67100000008940697),A0000000653,9960103,,臺北捷運民權西路站-出入口9,北捷民權西路站-出入口9,201504,臺北市大同區民權西路、天祥路口，近民權西路53號,,TM2
Point (302470.05499999970197678 2772852.97299999929964542),A0000000651,9960103,,臺北捷運民權西路站-出入口10,北捷民權西路站-出入口10,201504,臺北市大同區民權西路67、69號前,,TM2
Point (305662.74899999983608723 2772869.90899999998509884),A0000000489,9960103,,臺北捷運松山機場站-出入口3,北捷松山機場站-出入口3,201504,臺北市松山區松山機場正前方約40公尺,,TM2
Point (305653.85300000011920929 2772870.58699999935925007),A0000010445,9960103,,臺北捷運松山機場站_BR13,北捷松山機場站_BR13,201808,臺北市松山區敦化北路338號,02-218-12345,TM2
Point (301688.26599999982863665 2772871.24599999934434891),A0000000490,9960103,,臺北捷運大橋頭站-出入口1,北捷大橋頭站-出入口1,202202,臺北市大同區民權西路225巷口,,TM2
Point (301784.31900000013411045 2772874.52099999971687794),A0000000663,9960103,,臺北捷運大橋頭站-出入口2,北捷大橋頭站-出入口2,202202,臺北市大同區民權西路、重慶北路三段口,,TM2
Point (302334.32799999974668026 2772878.11400000005960464),A0000000650,9960103,,臺北捷運民權西路站-出入口5,北捷民權西路站-出入口5,202202,臺北市大同區承德路三段、撫順街口,,TM2
Point (301749.39499999955296516 2772879.41000000014901161),A0000000688,9960103,,臺北捷運大橋頭站_O12,北捷大橋頭站_O12,202202,臺北市大同區民權西路223號B1,02-218-12345,TM2
Point (301615.15039999969303608 2772892.33000000007450581),A0000015450,9960103,,臺北捷運大橋頭站-出入口1A,北捷大橋頭站-出入口1A,202202,臺北市大同區民權西路、延平北路三段口,,TM2
Point (305610.90799999982118607 2772925.84300000034272671),A0000000601,9960103,,臺北捷運松山機場站-出入口2,北捷松山機場站-出入口2,201504,臺北市松山區松山機場西側,,TM2
Point (305684.18699999991804361 2772927.40200000070035458),A0000000602,9960103,,臺北捷運松山機場站-出入口1,北捷松山機場站-出入口1,202202,臺北市松山區松山機場東側,,TM2
Point (301799.38200000021606684 2772938.48399999924004078),A0000000664,9960103,,臺北捷運大橋頭站-出入口3,北捷大橋頭站-出入口3,202202,臺北市大同區重慶北路三段、大橋國小旁,,TM2
Point (311729.86500000022351742 2773346.34799999929964542),A0000000491,9960103,,臺北捷運東湖站-出入口3,北捷東湖站-出入口3,201504,臺北市內湖區康寧路三段(臨安康公園),,TM2
Point (311694.11699999962002039 2773355.46900000050663948),A0000000719,9960103,,臺北捷運東湖站_BR22,北捷東湖站_BR22,202001,臺北市內湖區康寧路三段235號,02-218-12345,TM2
Point (311658.97400000039488077 2773358.97599999979138374),A0000000613,9960103,,臺北捷運東湖站-出入口2,北捷東湖站-出入口2,201504,臺北市內湖區康寧路三段(臨南湖高中),,TM2
Point (311639.42999999970197678 2773359.62800000049173832),A0000000614,9960103,,臺北捷運東湖站-出入口1,北捷東湖站-出入口1,202202,臺北市內湖區康寧路三段(臨康寧公園),,TM2
Point (302467.38100000005215406 2773726.46700000017881393),A0000000492,9960103,,臺北捷運圓山站-出入口1,北捷圓山站-出入口1,202202,臺北市大同區酒泉街與玉門街,,TM2
Point (302472.40699999965727329 2773768.03800000064074993),A0000000740,9960103,,臺北捷運圓山站_R14,北捷圓山站_R14,202202,臺北市大同區酒泉街9之1號,02-218-12345,TM2
Point (302471.70100000035017729 2773818.11500000022351742),A0000000655,9960103,,臺北捷運圓山站-出入口2,北捷圓山站-出入口2,201504,臺北市大同區庫倫街,,TM2
Point (311258.03600000031292439 2773946.6830000001937151),A0000000612,9960103,,臺北捷運葫洲站-出入口2,北捷葫洲站-出入口2,201504,臺北市內湖區康寧路三段16巷側,,TM2
Point (311290.93400000035762787 2773954.49599999934434891),A0000000745,9960103,,臺北捷運葫洲站_BR21,北捷葫洲站_BR21,202001,臺北市內湖區康寧路三段16號,02-218-12345,TM2
Point (311335.67100000008940697 2773962.66100000031292439),A0000000493,9960103,,臺北捷運葫洲站-出入口1,北捷葫洲站-出入口1,201504,臺北市內湖區康寧路三段39號旁,,TM2
Point (308971.42100000008940697 2774581.48799999989569187),A0000000494,9960103,,臺北捷運文德站-出入口2,北捷文德站-出入口2,202202,臺北市內湖區文德路(內湖高中旁),,TM2
Point (309033.45399999991059303 2774606.18200000002980232),A0000000696,9960103,,臺北捷運文德站_BR18,北捷文德站_BR18,202202,臺北市內湖區文德路214號,02-218-12345,TM2
Point (309085.06400000024586916 2774636.77400000020861626),A0000000609,9960103,,臺北捷運文德站-出入口1,北捷文德站-出入口1,201504,臺北市內湖區文德路(內湖高中對面),,TM2
Point (305190.28699999954551458 2774689.83200000040233135),A0000000604,9960103,,臺北捷運大直站-出入口3,北捷大直站-出入口3,202202,臺北市中山區北安路與大直街交叉口(臨海基會),,TM2
Point (305166.33600000012665987 2774708.01999999955296516),A0000000603,9960103,,臺北捷運大直站-出入口2,北捷大直站-出入口2,202202,臺北市中山區北安路與大直街交叉口,,TM2
Point (305201.66399999987334013 2774724.63599999994039536),A0000000686,9960103,,臺北捷運大直站_BR14,北捷大直站_BR14,201808,臺北市中山區北安路534之1號,02-218-12345,TM2
Point (308036.15099999960511923 2774759.84200000017881393),A0000000738,9960103,,臺北捷運港墘站_BR17,北捷港墘站_BR17,202001,臺北市內湖區內湖路一段663號,02-218-12345,TM2
Point (307991.38100000005215406 2774763.10999999940395355),A0000000495,9960103,,臺北捷運港墘站-出入口2,北捷港墘站-出入口2,202202,臺北市內湖區內湖路一段(臨內湖高工),,TM2
Point (308074.63499999977648258 2774775.89000000059604645),A0000000608,9960103,,臺北捷運港墘站-出入口1,北捷港墘站-出入口1,201504,臺北市內湖區臨內湖路一段667巷,,TM2
Point (305183.87700000032782555 2774782.90000000037252903),A0000000496,9960103,,臺北捷運大直站-出入口1,北捷大直站-出入口1,201710,臺北市中山區大直街(大直婦女中心),,TM2
Point (307203.10500000044703484 2774974.84300000034272671),A0000000607,9960103,,臺北捷運西湖站-出入口2,北捷西湖站-出入口2,201504,臺北市內湖區內湖路一段(臨基湖路),,TM2
Point (307194.3169999998062849 2774998.49799999967217445),A0000000710,9960103,,臺北捷運西湖站_BR16,北捷西湖站_BR16,202202,臺北市內湖區內湖路一段256號,02-218-12345,TM2
Point (307172.08700000029057264 2775029.83899999968707561),A0000000497,9960103,,臺北捷運西湖站-出入口1,北捷西湖站-出入口1,201504,臺北市內湖區內湖路一段(西湖市場旁),,TM2
Point (302932.19299999997019768 2775104.88199999928474426),A0000000656,9960103,,臺北捷運劍潭站-出入口2,北捷劍潭站-出入口2,202202,臺北市士林區基河路22號對面,,TM2
Point (310780.89400000032037497 2775150.52700000070035458),A0000000611,9960103,,臺北捷運大湖公園站-出入口2,北捷大湖公園站-出入口2,202202,臺北市內湖區成功路五段(大湖公園),,TM2
Point (309979.33999999985098839 2775162.68899999931454659),A0000000610,9960103,,臺北捷運內湖站-出入口2,北捷內湖站-出入口2,202202,臺北市內湖區臨成功路四段167巷,,TM2
Point (310777.01900000032037497 2775169.35500000044703484),A0000011747,9960103,,臺北捷運大湖公園站_BR20,北捷大湖公園站_BR20,202001,臺北市內湖區成功路五段11號,02-218-12345,TM2
Point (309962.32799999974668026 2775182.02199999988079071),A0000000754,9960103,,臺北捷運內湖站_BR19,北捷內湖站_BR19,202202,臺北市內湖區成功路四段186號,02-218-12345,TM2
Point (309940.25399999972432852 2775202.09799999929964542),A0000000498,9960103,,臺北捷運內湖站-出入口1,北捷內湖站-出入口1,202202,臺北市內湖區臨成功路四段182巷,,TM2
Point (310791.54200000036507845 2775204.86999999918043613),A0000000499,9960103,,臺北捷運大湖公園站-出入口1,北捷大湖公園站-出入口1,201504,臺北市內湖區成功路五段(大湖山莊街),,TM2
Point (302957.69099999964237213 2775222.18899999931454659),A0000000749,9960103,,臺北捷運劍潭站_R15,北捷劍潭站_R15,201808,臺北市士林區中山北路五段65號,02-218-12345,TM2
Point (302949.64699999988079071 2775228.96700000017881393),A0000010801,9960103,,臺北捷運劍潭站-出入口3,北捷劍潭站-出入口3,201909,臺北市士林區劍潭路,,TM2
Point (306084.50399999972432852 2775234.29600000008940697),A0000000606,9960103,,臺北捷運劍南路站-出入口3,北捷劍南路站-出入口3,201504,臺北市中山區北安路798號,,TM2
Point (306010.46499999985098839 2775257.21700000017881393),A0000000605,9960103,,臺北捷運劍南路站-出入口2,北捷劍南路站-出入口2,202202,臺北市中山區北安路798號,,TM2
Point (306075.20199999958276749 2775282.74000000022351742),A0000011748,9960103,,臺北捷運劍南路站_BR15,北捷劍南路站_BR15,202202,臺北市中山區北安路798號,02-218-12345,TM2
Point (302979.71499999985098839 2775316.87700000032782555),A0000000501,9960103,,臺北捷運劍潭站-出入口1,北捷劍潭站-出入口1,201504,臺北市士林區中山北路五段65號,,TM2
Point (306004.58299999963492155 2775326.3880000002682209),A0000000500,9960103,,臺北捷運劍南路站-出入口1,北捷劍南路站-出入口1,201504,臺北市中山區北安路811巷,,TM2
Point (303096.026999999769032 2776171.59500000067055225),A0000000657,9960103,,臺北捷運士林站-出入口2,北捷士林站-出入口2,201504,臺北市士林區福德路1號,,TM2
Point (303075.64699999988079071 2776237.57899999991059303),A0000000683,9960103,,臺北捷運士林站_R16,北捷士林站_R16,202001,臺北市士林區福德路1號,02-218-12345,TM2
Point (303057.89300000015646219 2776297.75899999961256981),A0000000502,9960103,,臺北捷運士林站-出入口1,北捷士林站-出入口1,201504,臺北市士林區中正路247巷旁,,TM2
Point (302714.40299999993294477 2777196.04199999943375587),A0000000503,9960103,,臺北捷運芝山站-出入口1,北捷芝山站-出入口1,202202,臺北市士林區福國路70號,,TM2
Point (302700.10599999967962503 2777277.58899999968707561),A0000000723,9960103,,臺北捷運芝山站_R17,北捷芝山站_R17,202001,臺北市士林區福國路70號,02-218-12345,TM2
Point (302685.91299999970942736 2777373.70600000023841858),A0000000658,9960103,,臺北捷運芝山站-出入口2,北捷芝山站-出入口2,201504,臺北市士林區福華路162巷口對面,,TM2
Point (302357.47599999979138374 2777983.04299999959766865),A0000015959,9960103,,臺北捷運明德站-出入口1,北捷明德站-出入口1,202202,臺北市北投區明德路95號、明德國中斜對面,,TM2
Point (302345.90500000026077032 2778000.43999999947845936),A0000000717,9960103,,臺北捷運明德站_R18,北捷明德站_R18,201808,臺北市北投區明德路95號,02-218-12345,TM2
Point (302302.13179999962449074 2778057.80389999970793724),A0000015960,9960103,,臺北捷運明德站-出入口3,北捷明德站-出入口3,202202,臺北市北投區西安街一段175號對面,,TM2
Point (302313.59260000009089708 2778063.46330000087618828),A0000015961,9960103,,臺北捷運明德站-出入口2,北捷明德站-出入口2,202202,臺北市北投區東華街一段378號對面,,TM2
Point (302056.83000000007450581 2778459.40399999916553497),A0000000505,9960103,,臺北捷運石牌站-出入口2,北捷石牌站-出入口2,201504,臺北市北投區西安街一段329號對面,,TM2
Point (302014.00299999956041574 2778526.7909999992698431),A0000000707,9960103,,臺北捷運石牌站_R19,北捷石牌站_R19,201808,臺北市北投區石牌路一段200號,02-218-12345,TM2
Point (301963.15799999982118607 2778606.12299999967217445),A0000000659,9960103,,臺北捷運石牌站-出入口1,北捷石牌站-出入口1,201504,臺北市北投區石牌路一段、二段與東華街、西安街交叉口、近市立石牌國中,,TM2
Point (301116.36500000022351742 2779244.60500000044703484),A0000000506,9960103,,臺北捷運唭哩岸站-出入口1,北捷唭哩岸站-出入口1,202202,臺北市北投區西安街二段279號,,TM2
Point (301071.56500000040978193 2779253.97699999995529652),A0000000733,9960103,,臺北捷運唭哩岸站_R20,北捷唭哩岸站_R20,201808,臺北市北投區東華街二段301號,02-218-12345,TM2
Point (301020.60599999967962503 2779258.25899999961256981),A0000000660,9960103,,臺北捷運唭哩岸站-出入口2,北捷唭哩岸站-出入口2,201504,臺北市北投區西安街二段347號,,TM2
Point (297107.26400000043213367 2779752.41100000031292439),A0000000507,9960103,,臺北捷運關渡站-出入口1,北捷關渡站-出入口1,202202,臺北市北投區大度路三段296巷51號,,TM2
Point (297074.40500000026077032 2779755.49100000038743019),A0000000662,9960103,,臺北捷運關渡站-出入口2,北捷關渡站-出入口2,202202,臺北市北投區中央北路四段583巷11弄內、近關渡國小,,TM2
Point (297088.04399999976158142 2779762.27400000020861626),A0000010295,9960103,,臺北捷運關渡站_R25,北捷關渡站_R25,201808,臺北市北投區大度路三段296巷51號,02-218-12345,TM2
Point (300521.19000000040978193 2779829.15000000037252903),A0000000712,9960103,,臺北捷運奇岩站_R21,北捷奇岩站_R21,202202,臺北市北投區三合街二段489號,02-218-12345,TM2
Point (297755.34300000034272671 2780370.18400000035762787),A0000010296,9960103,,臺北捷運忠義站-出入口2,北捷忠義站-出入口2,202202,臺北市北投區近和信醫院,,TM2
Point (297733.57799999974668026 2780372.78500000014901161),A0000010297,9960103,,臺北捷運忠義站_R24,北捷忠義站_R24,201808,臺北市北投區中央北路四段301號,02-218-12345,TM2
Point (297729.58600000012665987 2780384.35500000044703484),A0000000509,9960103,,臺北捷運忠義站-出入口1,北捷忠義站-出入口1,201710,臺北市北投區中央北路四段301號,,TM2
Point (300319.16710000019520521 2780420.22330000065267086),A0000010800,9960103,,臺北捷運北投站-出入口2,北捷北投站-出入口2,201909,臺北市北投區近大興街,,TM2
Point (300245.53100000042468309 2780517.71399999968707561),A0000000510,9960103,,臺北捷運北投站-出入口1,北捷北投站-出入口1,201909,臺北市北投區育仁路與光明路交叉口、近私立十信高中,,TM2
Point (300240.33999999985098839 2780525.86700000055134296),A0000000698,9960103,,臺北捷運北投站_R22,北捷北投站_R22,202202,臺北市北投區光明路1號,02-218-12345,TM2
Point (300646.47979999985545874 2781034.36999999918043613),A0000016148,9960103,,臺北捷運新北投站-出入口2,北捷新北投站-出入口2,202202,臺北市北投區近七星街,,TM2
Point (300741.10379999969154596 2781041.83579999953508377),A0000016150,9960103,,臺北捷運新北投站-出入口1,北捷新北投站-出入口1,202202,臺北市北投區大業路與光明路交叉口、近北投公園,,TM2
Point (300761.20899999979883432 2781042.00999999977648258),A0000000741,9960103,,臺北捷運新北投站_R22A,北捷新北投站_R22A,202202,臺北市北投區大業路700號,02-218-12345,TM2
Point (298925.36899999994784594 2781080.39699999988079071),A0000000661,9960103,,臺北捷運復興崗站-出入口2,北捷復興崗站-出入口2,202202,臺北市北投區捷運北投機廠,,TM2
Point (298937.50299999956041574 2781096.82399999909102917),A0000010300,9960103,,臺北捷運復興崗站_R23,北捷復興崗站_R23,201808,臺北市北投區中央北路三段53巷10號,02-218-12345,TM2
Point (298942.13999999966472387 2781112.51099999994039536),A0000000512,9960103,,臺北捷運復興崗站-出入口1,北捷復興崗站-出入口1,202202,臺北市北投區中央北路三段53巷內,,TM2
Point (300519.98440000042319298 2779781.99340000003576279),A0000016345,9960103,,臺北捷運奇岩站-出入口2,北捷奇岩站-出入口2,202305,,,TM2
Point (300540.36139999981969595 2779784.88040000014007092),A0000016346,9960103,,臺北捷運奇岩站-出入口3,北捷奇岩站-出入口3,202305,,,TM2
Point (300518.29200000036507845 2779839.15899999998509884),A0000000508,9960103,,臺北捷運奇岩站-出入口1,北捷奇岩站-出入口1,202305,臺北市北投區北投路一段與三合街二段交叉口,,TM2
Point (302265.62420000042766333 2769588.70810000039637089),A0000016419,9960103,,臺北捷運中正紀念堂站-出入口4,北捷中正紀念堂站-出入口4,202401,臺北市中正區羅斯福路一段7號,,TM2
Point (301668.55269999988377094 2771325.1936000008136034),A0000016608,9960103,,桃園機場捷運台北車站-出入口7,機捷台北車站-出入口7,202401,臺北市中正區延平北路近市民大道交叉東南面,,TM2
